City_ID,City,Country,Date,Lat,Lng,Max Temp,Humidity,Cloudiness,Wind Speed
0,Leningradskiy,RU,2021-07-24 00:18:36,69.3833,178.4167,42.06,76,45,9.8
1,Marzuq,YE,2021-07-24 00:19:56,14.4,46.4667,68.13,83,100,6.15
2,Cidreira,BR,2021-07-24 00:17:30,-30.1811,-50.2056,59.67,81,0,7.47
3,Vila Franca Do Campo,PT,2021-07-24 00:19:57,37.7167,-25.4333,70.21,89,93,5.88
4,Bethel,US,2021-07-24 00:19:57,41.3712,-73.414,74.91,71,75,1.01
5,Carnarvon,AU,2021-07-24 00:19:57,-24.8667,113.6333,57.27,66,82,9.22
6,Vaini,TO,2021-07-24 00:19:58,-21.2,-175.2,80.76,83,40,5.75
7,Longyan,CN,2021-07-24 00:19:58,25.1072,117.0225,79.97,84,22,2.51
8,Bubaque,GW,2021-07-24 00:19:59,11.2833,-15.8333,79.27,79,100,13.69
9,Dali,CN,2021-07-24 00:20:00,25.7,100.1833,65.16,89,81,2.13
10,Daru,PG,2021-07-24 00:20:00,-9.0763,143.2092,78.91,80,100,9.04
11,Mnogovershinnyy,RU,2021-07-24 00:20:01,53.9353,139.9242,76.48,71,98,2.15
12,Albany,US,2021-07-24 00:20:01,42.6001,-73.9662,69.93,76,38,5.12
13,Cape Town,ZA,2021-07-24 00:20:02,-33.9258,18.4232,49.12,88,0,3.44
14,Rockport,US,2021-07-24 00:15:24,28.0206,-97.0544,89.02,75,20,4.0
15,Fortuna,US,2021-07-24 00:16:56,40.5982,-124.1573,94.19,65,6,3.0
16,Ushuaia,AR,2021-07-24 00:17:19,-54.8,-68.3,37.06,75,75,10.36
17,Champasak,LA,2021-07-24 00:20:03,14.75,106.0,76.08,98,100,3.85
18,Tuktoyaktuk,CA,2021-07-24 00:20:04,69.4541,-133.0374,59.0,51,40,13.8
19,Promyshlennyy,RU,2021-07-24 00:20:04,67.5833,63.9167,46.99,84,62,4.9
20,Chernyshevskiy,RU,2021-07-24 00:20:05,63.0128,112.4714,68.58,53,12,5.37
21,Butaritari,KI,2021-07-24 00:17:26,3.0707,172.7902,83.14,77,35,16.78
22,Calvinia,ZA,2021-07-24 00:20:06,-31.4707,19.776,38.64,49,0,8.95
23,Saint-Philippe,RE,2021-07-24 00:17:14,-21.3585,55.7679,65.79,74,28,6.4
24,Ardalstangen,NO,2021-07-24 00:20:07,61.2371,7.6983,66.43,67,52,2.42
25,Walvis Bay,NA,2021-07-24 00:20:08,-22.9575,14.5053,67.15,11,0,20.71
26,Antalaha,MG,2021-07-24 00:20:08,-14.9003,50.2788,65.28,82,18,7.47
27,Mwaro,BI,2021-07-24 00:20:10,-3.5,29.6667,60.51,53,93,3.74
28,Turan,VN,2021-07-24 00:17:54,16.0678,108.2208,85.98,58,75,8.05
29,Tasiilaq,GL,2021-07-24 00:17:33,65.6145,-37.6368,41.16,98,100,4.94
30,Muisne,EC,2021-07-24 00:20:11,0.6,-80.0333,75.58,81,98,7.67
31,Qeshm,IR,2021-07-24 00:20:11,26.9581,56.2719,89.47,69,7,6.06
32,Waingapu,ID,2021-07-24 00:20:12,-9.6567,120.2641,77.23,62,2,7.4
33,Tolentino,IT,2021-07-24 00:20:12,43.2126,13.2901,73.76,61,60,5.32
34,Itupiranga,BR,2021-07-24 00:20:13,-5.1347,-49.3267,78.15,47,23,1.1
35,Constitucion,CL,2021-07-24 00:17:51,-35.3333,-72.4167,53.13,81,85,4.68
36,Mataura,NZ,2021-07-24 00:17:21,-46.1927,168.8643,53.47,68,38,3.69
37,Puerto Ayora,EC,2021-07-24 00:18:53,-0.7393,-90.3518,72.55,85,91,7.0
38,Bathsheba,BB,2021-07-24 00:20:15,13.2167,-59.5167,81.21,83,40,12.66
39,Hobyo,SO,2021-07-24 00:20:15,5.3505,48.5268,76.71,83,49,29.93
40,Waverley,ZA,2021-07-24 00:20:16,-25.7023,28.2591,45.54,43,0,9.22
41,Busselton,AU,2021-07-24 00:17:10,-33.65,115.3333,49.08,67,97,11.97
42,Itarema,BR,2021-07-24 00:20:17,-2.9248,-39.9167,79.16,79,21,16.26
43,Punta Arenas,CL,2021-07-24 00:20:18,-53.15,-70.9167,39.31,81,0,24.16
44,Port Blair,IN,2021-07-24 00:20:18,11.6667,92.75,81.5,83,100,21.65
45,Karachi,PK,2021-07-24 00:20:19,24.9056,67.0822,84.02,79,40,6.91
46,Dikson,RU,2021-07-24 00:16:59,73.5069,80.5464,45.59,72,99,19.98
47,Port Macquarie,AU,2021-07-24 00:19:01,-31.4333,152.9167,61.9,51,36,10.67
48,East London,ZA,2021-07-24 00:20:20,-33.0153,27.9116,52.83,65,96,3.49
49,Bastrop,US,2021-07-24 00:16:16,32.7562,-91.8724,91.38,55,40,4.61
50,Rikitea,PF,2021-07-24 00:18:51,-23.1203,-134.9692,71.19,59,60,14.05
51,Nome,US,2021-07-24 00:20:21,64.5011,-165.4064,55.17,71,90,16.11
52,Kapaa,US,2021-07-24 00:20:22,22.0752,-159.319,84.18,80,90,8.01
53,New Norfolk,AU,2021-07-24 00:20:22,-42.7826,147.0587,51.3,79,79,5.46
54,Thompson,CA,2021-07-24 00:16:58,55.7435,-97.8558,68.16,56,75,18.41
55,Hobart,AU,2021-07-24 00:20:21,-42.8794,147.3294,51.66,66,75,11.5
56,Beringovskiy,RU,2021-07-24 00:19:32,63.05,179.3167,52.57,85,100,7.94
57,Hithadhoo,MV,2021-07-24 00:17:16,-0.6,73.0833,82.18,76,98,10.65
58,Richards Bay,ZA,2021-07-24 00:20:26,-28.783,32.0377,56.97,62,84,14.54
59,Jamestown,US,2021-07-24 00:16:40,42.097,-79.2353,72.72,52,1,5.75
60,Chokurdakh,RU,2021-07-24 00:16:39,70.6333,147.9167,45.46,62,82,13.27
61,Matadi,CD,2021-07-24 00:20:27,-5.8167,13.45,68.81,87,49,3.98
62,Lorengau,PG,2021-07-24 00:18:16,-2.0226,147.2712,83.48,77,30,8.39
63,Nanortalik,GL,2021-07-24 00:19:39,60.1432,-45.2371,42.49,87,37,11.32
64,Killybegs,IE,2021-07-24 00:20:29,54.6333,-8.45,60.46,89,92,5.41
65,Bluff,NZ,2021-07-24 00:20:29,-46.6,168.3333,54.81,69,63,8.88
66,Tokur,RU,2021-07-24 00:20:51,53.1333,132.9,75.22,66,98,6.78
67,Sokna,NO,2021-07-24 00:20:51,60.24,9.9235,65.14,88,6,2.33
68,Souillac,MU,2021-07-24 00:20:52,-20.5167,57.5167,68.38,88,75,3.44
69,Ribeira Grande,PT,2021-07-24 00:20:52,38.5167,-28.7,71.28,95,100,6.76
70,Seoul,KR,2021-07-24 00:16:52,37.5683,126.9778,90.97,55,0,2.3
71,Matara,LK,2021-07-24 00:20:53,5.9485,80.5353,76.41,90,91,9.22
72,Kiama,AU,2021-07-24 00:19:39,-34.6833,150.8667,58.24,77,92,1.99
73,Xichang,CN,2021-07-24 00:20:54,27.8964,102.2634,68.22,90,100,0.83
74,Qaanaaq,GL,2021-07-24 00:18:44,77.484,-69.3632,41.43,65,30,3.4
75,Kivsharivka,UA,2021-07-24 00:20:55,49.6213,37.7036,60.01,70,0,4.41
76,Port Alfred,ZA,2021-07-24 00:20:55,-33.5906,26.891,52.03,69,96,4.76
77,Nzega,RW,2021-07-24 00:20:56,-2.479,29.5564,60.51,51,92,3.02
78,Tingo Maria,PE,2021-07-24 00:18:48,-9.2895,-76.0088,70.3,89,5,2.19
79,Kahului,US,2021-07-24 00:20:56,20.8947,-156.47,86.02,72,40,25.32
80,Airai,TL,2021-07-24 00:18:49,-8.9266,125.4092,68.58,26,41,3.29
81,Trairi,BR,2021-07-24 00:16:11,-3.2778,-39.2689,79.43,76,20,12.24
82,Ostrovnoy,RU,2021-07-24 00:20:58,68.0531,39.5131,43.77,94,100,24.58
83,Hilo,US,2021-07-24 00:18:42,19.7297,-155.09,89.28,84,90,12.66
84,Kaitangata,NZ,2021-07-24 00:20:58,-46.2817,169.8464,50.94,62,30,3.58
85,Barrow,US,2021-07-24 00:16:41,71.2906,-156.7887,39.22,87,90,19.57
86,Kadirli,TR,2021-07-24 00:20:59,37.3739,36.0961,78.01,75,26,3.11
87,Alofi,NU,2021-07-24 00:21:02,-19.0595,-169.9187,80.49,78,6,9.22
88,Iaciara,BR,2021-07-24 00:21:03,-14.0958,-46.6317,73.87,35,70,7.78
89,Pangody,RU,2021-07-24 00:21:03,65.85,74.4859,52.07,85,100,13.02
90,Dauriya,RU,2021-07-24 00:21:04,49.9333,116.8667,64.76,67,74,8.72
91,Touros,BR,2021-07-24 00:18:05,-5.1989,-35.4608,74.3,83,6,15.37
92,Aviles,ES,2021-07-24 00:17:23,43.5547,-5.9248,63.79,89,0,5.75
93,San Patricio,US,2021-07-24 00:21:05,28.017,-97.5169,90.32,59,0,16.78
94,Launceston,AU,2021-07-24 00:17:59,-41.45,147.1667,50.81,94,75,1.99
95,Wajima,JP,2021-07-24 00:21:05,37.4,136.9,84.88,74,75,3.44
96,Zlobin,HR,2021-07-24 00:21:07,45.2924,14.6541,63.7,73,0,2.3
97,Oyama,JP,2021-07-24 00:21:08,36.3,139.8,90.82,73,18,3.38
98,Anzio,IT,2021-07-24 00:21:09,41.4853,12.6179,76.73,93,0,6.55
99,Atuona,PF,2021-07-24 00:21:09,-9.8,-139.0333,77.45,76,36,11.07
100,Nemuro,JP,2021-07-24 00:21:10,43.3236,145.575,77.43,88,96,10.96
101,Tiksi,RU,2021-07-24 00:21:11,71.6872,128.8694,45.63,81,89,6.46
102,Mar Del Plata,AR,2021-07-24 00:21:14,-38.0023,-57.5575,52.12,60,75,4.0
103,Avarua,CK,2021-07-24 00:21:15,-21.2078,-159.775,78.85,65,2,13.8
104,Dong Hoi,VN,2021-07-24 00:18:20,17.4833,106.6,80.13,78,99,13.98
105,Maldonado,UY,2021-07-24 00:21:15,-34.6667,-54.9167,58.39,87,22,4.97
106,Hasaki,JP,2021-07-24 00:21:16,35.7333,140.8333,84.6,74,0,4.81
107,Saldanha,ZA,2021-07-24 00:17:43,-33.0117,17.9442,41.05,65,0,7.43
108,Ambulu,ID,2021-07-24 00:21:16,-8.345,113.6058,74.07,76,9,3.2
109,Kousseri,CM,2021-07-24 00:21:18,12.0769,15.0306,78.76,83,64,5.75
110,Russell,US,2021-07-24 00:21:18,32.3502,-85.1999,83.35,74,75,0.0
111,Hermanus,ZA,2021-07-24 00:19:24,-34.4187,19.2345,48.9,71,0,9.95
112,Cabo San Lucas,MX,2021-07-24 00:18:37,22.8909,-109.9124,99.52,48,1,11.5
113,Kyra,RU,2021-07-24 00:21:19,49.5776,111.9753,63.41,67,0,7.43
114,Yellowknife,CA,2021-07-24 00:17:14,62.456,-114.3525,73.92,53,75,16.11
115,Mochalishche,RU,2021-07-24 00:21:21,56.3306,48.3547,56.17,98,53,5.01
116,Diu,IN,2021-07-24 00:21:21,20.7141,70.9822,82.08,83,100,17.29
117,Longyearbyen,SJ,2021-07-24 00:21:22,78.2186,15.6401,44.44,87,75,5.75
118,Arraial Do Cabo,BR,2021-07-24 00:21:22,-22.9661,-42.0278,62.56,82,0,5.75
119,Srednekolymsk,RU,2021-07-24 00:18:43,67.45,153.6833,63.5,48,79,5.61
120,Port Elizabeth,ZA,2021-07-24 00:21:23,-33.918,25.5701,46.69,81,0,3.44
121,Ahipara,NZ,2021-07-24 00:18:01,-35.1667,173.1667,58.84,62,2,3.69
122,Kununurra,AU,2021-07-24 00:12:56,-15.7667,128.7333,69.78,73,52,3.44
123,Ponta Do Sol,PT,2021-07-24 00:21:25,32.6667,-17.1,70.72,76,4,6.62
124,Alekseyevsk,RU,2021-07-24 00:21:27,57.8406,108.3492,65.7,77,39,2.75
125,Saint Anthony,US,2021-07-24 00:21:27,45.0205,-93.218,90.55,62,1,4.0
126,Fauldhouse,GB,2021-07-24 00:21:28,55.8275,-3.7074,58.14,84,96,4.18
127,Upernavik,GL,2021-07-24 00:18:39,72.7868,-56.1549,39.51,94,100,9.51
128,Esperance,AU,2021-07-24 00:21:28,-33.8667,121.9,52.38,76,78,22.53
129,Cairns,AU,2021-07-24 00:19:45,-16.9167,145.7667,89.94,74,20,2.3
130,Khatanga,RU,2021-07-24 00:21:29,71.9667,102.5,55.29,66,40,5.73
131,Mersing,MY,2021-07-24 00:17:12,2.4312,103.8405,75.11,94,40,4.61
132,Lompoc,US,2021-07-24 00:18:16,34.6391,-120.4579,87.13,72,20,14.97
133,Pasighat,IN,2021-07-24 00:21:30,28.0667,95.3333,78.28,97,81,2.46
134,Dir,PK,2021-07-24 00:21:31,35.2058,71.8756,71.1,63,1,4.21
135,Lebu,CL,2021-07-24 00:21:31,-37.6167,-73.65,49.42,83,100,13.06
136,Mitsamiouli,KM,2021-07-24 00:21:32,-11.3847,43.2844,76.78,71,16,17.49
137,Aban,RU,2021-07-24 00:21:32,56.67,96.06,64.63,70,0,9.17
138,Maniitsoq,GL,2021-07-24 00:21:33,65.4167,-52.9,41.4,94,100,25.7
139,Juybar,IR,2021-07-24 00:21:34,36.6412,52.9124,80.58,69,0,5.01
140,Mareeba,AU,2021-07-24 00:21:34,-17.0,145.4333,85.32,65,33,3.27
141,Galle,LK,2021-07-24 00:21:35,6.0367,80.217,78.46,84,85,10.74
142,Diego De Almagro,CL,2021-07-24 00:21:35,-26.3667,-70.05,60.62,45,88,3.31
143,Pontianak,ID,2021-07-24 00:21:36,-0.0333,109.3333,78.78,94,20,3.44
144,Burgeo,CA,2021-07-24 00:21:36,47.6167,-57.6152,55.8,88,77,12.68
145,Nichinan,JP,2021-07-24 00:21:37,31.6,131.3667,82.08,87,100,15.21
146,Bandarbeyla,SO,2021-07-24 00:21:37,9.4942,50.8122,77.95,71,15,32.01
147,Torbay,CA,2021-07-24 00:17:10,47.6666,-52.7314,58.75,98,90,5.75
148,Mishelevka,RU,2021-07-24 00:21:38,52.8575,103.1719,62.24,75,55,0.49
149,Kodiak,US,2021-07-24 00:17:13,57.79,-152.4072,54.91,88,90,8.05
150,Haines Junction,CA,2021-07-24 00:20:11,60.7522,-137.5108,67.95,40,46,11.5
151,San Quintin,MX,2021-07-24 00:18:34,30.4833,-115.95,73.92,71,49,10.87
152,Shimoda,JP,2021-07-24 00:21:42,34.6667,138.95,82.76,71,1,4.14
153,Georgetown,MY,2021-07-24 00:19:15,5.4112,100.3354,82.89,88,20,1.14
154,Porto Novo,BJ,2021-07-24 00:21:43,6.4965,2.6036,75.27,79,15,7.43
155,Sao Francisco,BR,2021-07-24 00:21:44,-15.9486,-44.8644,68.05,41,98,7.11
156,Provideniya,RU,2021-07-24 00:21:45,64.3833,-173.3,54.9,62,71,7.96
157,Victoria,HK,2021-07-24 00:18:23,22.2855,114.1577,86.97,91,62,1.99
158,Pakxan,LA,2021-07-24 00:21:46,18.3778,103.6601,74.05,98,100,11.5
159,Vengurla,IN,2021-07-24 00:21:46,15.8667,73.6333,78.6,86,100,15.84
160,Rognan,NO,2021-07-24 00:19:05,67.0953,15.3878,51.94,94,100,2.24
161,Wapi Pathum,TH,2021-07-24 00:21:47,15.8452,103.3768,80.49,94,100,18.41
162,Kysyl-Syr,RU,2021-07-24 00:19:23,63.8986,122.7617,71.46,52,98,7.52
163,Bredasdorp,ZA,2021-07-24 00:21:48,-34.5322,20.0403,47.52,76,0,8.05
164,Marawi,PH,2021-07-24 00:21:49,7.9986,124.2928,79.65,65,66,7.14
165,Tres Coracoes,BR,2021-07-24 00:21:14,-21.6969,-45.2533,54.93,59,0,6.38
166,Pisco,PE,2021-07-24 00:21:49,-13.7,-76.2167,62.65,77,75,17.27
167,Altay,CN,2021-07-24 00:21:50,47.8667,88.1167,71.82,55,35,2.91
168,Kyaukse,MM,2021-07-24 00:21:51,21.6,96.1333,78.8,94,75,5.75
169,Sao Filipe,CV,2021-07-24 00:18:24,14.8961,-24.4956,73.74,76,29,8.46
170,Comodoro Rivadavia,AR,2021-07-24 00:21:52,-45.8667,-67.5,48.06,46,0,14.97
171,High Level,CA,2021-07-24 00:22:00,58.5169,-117.136,71.71,60,75,14.97
172,Baruun-Urt,MN,2021-07-24 00:22:01,46.6806,113.2792,74.28,49,73,4.12
173,Hovd,MN,2021-07-24 00:22:01,48.0056,91.6419,68.99,50,15,2.75
174,Noumea,NC,2021-07-24 00:19:53,-22.2763,166.4572,77.0,99,6,4.12
175,Aberystwyth,GB,2021-07-24 00:22:03,52.4155,-4.0829,63.79,83,86,12.59
176,Meulaboh,ID,2021-07-24 00:18:21,4.1363,96.1285,76.62,87,100,3.56
177,Ilheus,BR,2021-07-24 00:20:44,-14.7889,-39.0494,69.62,83,0,8.05
178,Bambous Virieux,MU,2021-07-24 00:22:05,-20.3428,57.7575,68.25,88,75,3.44
179,Golden,US,2021-07-24 00:21:43,39.7555,-105.2211,82.09,55,88,3.0
180,Boueni,YT,2021-07-24 00:22:06,-12.9025,45.0761,76.98,68,37,16.75
181,Eureka,US,2021-07-24 00:22:06,40.8021,-124.1637,69.21,67,14,1.99
182,Buala,SB,2021-07-24 00:22:07,-8.145,159.5921,84.49,73,92,6.87
183,Krasnoslobodsk,RU,2021-07-24 00:22:08,48.7072,44.5714,64.22,59,0,4.47
184,Kangaatsiaq,GL,2021-07-24 00:22:08,68.3065,-53.4641,39.2,97,100,2.82
185,Panzhihua,CN,2021-07-24 00:17:16,26.5851,101.7128,71.82,93,99,0.43
186,Goure,NE,2021-07-24 00:22:09,13.9835,10.2704,79.02,67,33,12.8
187,Iqaluit,CA,2021-07-24 00:17:13,63.7506,-68.5145,51.53,62,75,11.99
188,Dalvik,IS,2021-07-24 00:22:10,65.9702,-18.5286,60.73,84,74,6.69
189,Boysun,UZ,2021-07-24 00:22:11,38.2061,67.1986,77.36,20,6,6.73
190,Severo-Kurilsk,RU,2021-07-24 00:17:46,50.6789,156.125,56.75,90,92,7.09
191,Chuy,UY,2021-07-24 00:22:12,-33.6971,-53.4616,59.4,88,5,4.23
192,Bengkulu,ID,2021-07-24 00:18:45,-3.8004,102.2655,75.45,84,62,3.58
193,Komsomolskiy,UZ,2021-07-24 00:18:16,40.4272,71.7189,77.72,38,0,4.61
194,Nikolskoye,RU,2021-07-24 00:22:13,59.7035,30.7861,58.89,60,97,3.47
195,Faya,SA,2021-07-24 00:22:13,18.3851,42.4509,63.12,65,96,6.76
196,Gat,IL,2021-07-24 00:18:00,31.61,34.7642,79.48,100,63,9.13
197,Rio Grande,BR,2021-07-24 00:19:45,-32.035,-52.0986,60.33,84,1,7.81
198,Alta Floresta,BR,2021-07-24 00:22:15,-9.8756,-56.0861,80.46,34,11,4.12
199,Husavik,IS,2021-07-24 00:19:21,66.0449,-17.3389,60.71,83,57,4.88
200,Hambantota,LK,2021-07-24 00:22:16,6.1241,81.1185,79.59,78,96,17.02
201,Gushikawa,JP,2021-07-24 00:22:16,26.3544,127.8686,80.19,94,75,39.12
202,Balikpapan,ID,2021-07-24 00:19:26,-1.2675,116.8289,79.79,94,40,4.61
203,Taltal,CL,2021-07-24 00:20:20,-25.4,-70.4833,56.61,82,86,3.47
204,Hinton,CA,2021-07-24 00:22:17,53.4001,-117.5857,70.11,29,61,10.58
205,Costinesti,RO,2021-07-24 00:22:18,43.95,28.6333,62.73,67,0,8.61
206,Nara,JP,2021-07-24 00:18:50,34.6851,135.8049,88.97,56,56,4.21
207,Patnos,TR,2021-07-24 00:22:19,39.2336,42.8634,61.84,67,2,3.04
208,Khani,GE,2021-07-24 00:17:46,41.9563,42.9566,60.37,95,88,1.68
209,Boddam,GB,2021-07-24 00:22:20,57.4667,-1.7833,57.58,89,100,6.11
210,Kyren,RU,2021-07-24 00:22:20,51.6828,102.1408,62.24,81,90,0.29
211,Camacha,PT,2021-07-24 00:17:46,33.0833,-16.3333,67.42,78,20,12.66
212,Cockburn Town,TC,2021-07-24 00:17:58,21.4612,-71.1419,82.36,74,40,19.82
213,Chapais,CA,2021-07-24 00:22:21,49.7834,-74.8492,73.18,48,67,5.14
214,Hamilton,US,2021-07-24 00:20:50,39.1834,-84.5333,82.76,64,1,3.44
215,Dakar,SN,2021-07-24 00:20:04,14.6937,-17.4441,77.13,69,20,6.91
216,Tengushevo,RU,2021-07-24 00:22:22,54.7686,42.7189,52.32,92,28,5.84
217,Fairbanks,US,2021-07-24 00:19:48,64.8378,-147.7164,77.02,59,75,1.01
218,Montepuez,MZ,2021-07-24 00:22:23,-13.1256,38.9997,65.79,71,77,12.33
219,Zhezkazgan,KZ,2021-07-24 00:22:24,47.8043,67.7144,76.75,32,0,4.94
220,Florida,US,2021-07-24 00:22:24,28.7505,-82.5001,85.89,86,40,3.44
221,Dunedin,NZ,2021-07-24 00:17:31,-45.8742,170.5036,53.8,52,20,8.01
222,Hami,CN,2021-07-24 00:19:13,42.8,93.45,84.87,45,98,15.57
223,Rocha,UY,2021-07-24 00:22:25,-34.4833,-54.3333,58.77,88,25,4.52
224,Los Llanos De Aridane,ES,2021-07-24 00:22:26,28.6585,-17.9182,67.75,91,0,16.11
225,Nabire,ID,2021-07-24 00:22:27,-3.3667,135.4833,75.83,90,100,3.47
226,Phon,TH,2021-07-24 00:21:11,15.816,102.5998,78.85,93,100,15.61
227,Khandyga,RU,2021-07-24 00:22:28,62.6667,135.6,63.01,85,100,5.44
228,Saskylakh,RU,2021-07-24 00:22:28,71.9167,114.0833,54.77,75,98,15.97
229,Cayenne,GF,2021-07-24 00:22:29,4.9333,-52.3333,82.09,80,0,1.99
230,Eyl,SO,2021-07-24 00:22:29,7.9803,49.8164,77.59,71,28,27.85
231,Nyahururu,KE,2021-07-24 00:22:30,0.0421,36.3673,51.4,87,79,7.85
232,Kloulklubed,PW,2021-07-24 00:18:54,7.0419,134.2556,84.7,70,100,13.73
233,Hualmay,PE,2021-07-24 00:22:31,-11.0964,-77.6139,63.77,82,37,9.84
234,Cherskiy,RU,2021-07-24 00:22:31,68.75,161.3,54.36,56,6,9.8
235,La Merced,CO,2021-07-24 00:22:32,5.4019,-75.8847,62.46,98,98,2.3
236,Minas De Barroteran,MX,2021-07-24 00:22:32,27.6333,-101.2833,95.68,32,5,10.96
237,Vestmannaeyjar,IS,2021-07-24 00:18:04,63.4427,-20.2734,53.33,99,100,16.93
238,Curvelo,BR,2021-07-24 00:22:33,-18.7564,-44.4308,64.08,51,65,7.7
239,Oum Hadjer,TD,2021-07-24 00:22:34,13.2954,19.6966,82.4,57,85,5.64
240,Miri,MY,2021-07-24 00:22:34,4.4148,114.0089,78.94,89,20,4.61
241,Soto La Marina,MX,2021-07-24 00:22:33,23.7667,-98.2167,87.49,58,4,17.36
242,Rio Gallegos,AR,2021-07-24 00:22:35,-51.6226,-69.2181,35.65,80,0,12.66
243,Lagoa,PT,2021-07-24 00:22:36,39.05,-27.9833,69.94,96,100,12.21
244,Abu Samrah,SY,2021-07-24 00:22:36,35.3029,37.1841,76.32,67,58,9.46
245,Roebourne,AU,2021-07-24 00:22:37,-20.7833,117.1333,70.27,39,7,14.16
246,Sao Jose Da Coroa Grande,BR,2021-07-24 00:22:37,-8.8978,-35.1478,74.26,79,17,11.5
247,Riyadh,SA,2021-07-24 00:19:11,24.6877,46.7219,89.74,23,13,2.21
248,Mahebourg,MU,2021-07-24 00:22:38,-20.4081,57.7,68.29,88,75,3.44
249,Kilindoni,TZ,2021-07-24 00:22:39,-7.9139,39.6668,76.62,73,5,20.27
250,Dwarka,IN,2021-07-24 00:22:40,22.2394,68.9678,82.71,83,100,16.26
251,Yermolino,RU,2021-07-24 00:22:41,55.1949,36.5951,59.61,72,86,3.96
252,Saint-Louis,SN,2021-07-24 00:22:42,16.3333,-15.0,78.44,61,2,13.49
253,Muravlenko,RU,2021-07-24 00:22:42,63.7898,74.523,52.79,87,86,8.59
254,Xining,CN,2021-07-24 00:22:43,36.6167,101.7667,67.33,60,18,1.81
255,Krusa,DK,2021-07-24 00:22:44,54.851,9.4013,60.48,91,2,3.74
256,Tecolutla,MX,2021-07-24 00:22:44,20.4833,-97.0167,89.46,72,3,12.03
257,Jaisalmer,IN,2021-07-24 00:22:45,26.9147,70.9181,84.29,61,100,7.7
258,Llangefni,GB,2021-07-24 00:22:45,53.2556,-4.3106,64.26,72,69,12.66
259,Vardo,NO,2021-07-24 00:22:46,70.3705,31.1107,45.81,81,100,36.66
260,Lavrentiya,RU,2021-07-24 00:22:46,65.5833,-171.0,52.63,68,54,10.76
261,Antofagasta,CL,2021-07-24 00:19:29,-23.65,-70.4,56.48,80,93,3.6
262,Havelock,US,2021-07-24 00:21:21,34.8791,-76.9013,79.05,70,3,1.99
263,Solnechnyy,RU,2021-07-24 00:18:02,50.7214,136.6319,87.3,52,42,3.51
264,Sipe Sipe,BO,2021-07-24 00:22:49,-17.45,-66.3833,63.09,62,2,8.41
265,Zhigansk,RU,2021-07-24 00:22:49,66.7697,123.3711,70.99,45,16,9.06
266,Channel-Port Aux Basques,CA,2021-07-24 00:22:50,47.5702,-59.1367,54.82,84,72,11.63
267,Aklavik,CA,2021-07-24 00:18:39,68.2191,-135.0107,66.92,42,92,2.3
268,Anapoima,CO,2021-07-24 00:22:50,4.5203,-74.5394,81.39,78,92,4.59
269,Katsuura,JP,2021-07-24 00:22:51,35.1333,140.3,84.31,73,1,4.61
270,Jawhar,SO,2021-07-24 00:22:51,2.7809,45.5005,74.39,78,26,20.89
271,Mount Gambier,AU,2021-07-24 00:22:52,-37.8333,140.7667,47.52,87,97,14.0
272,Port Moresby,PG,2021-07-24 00:22:52,-9.4431,147.1797,81.82,74,75,6.91
273,Lamballe,FR,2021-07-24 00:22:53,48.4676,-2.5144,65.8,86,60,3.0
274,Wad Rawah,SD,2021-07-24 00:22:53,15.1603,33.1397,81.91,61,94,6.71
275,Ontario,US,2021-07-24 00:18:51,34.0633,-117.6509,99.63,41,75,1.99
276,Waipawa,NZ,2021-07-24 00:22:54,-41.4122,175.5153,54.23,66,0,4.68
277,Pevek,RU,2021-07-24 00:22:55,69.7008,170.3133,39.33,95,100,2.26
278,Shieli,KZ,2021-07-24 00:22:56,44.1667,66.75,80.19,30,0,6.62
279,Ilawa,PL,2021-07-24 00:22:57,53.596,19.5685,62.85,87,18,4.63
280,Bahia Blanca,AR,2021-07-24 00:22:58,-38.7196,-62.2724,48.18,69,100,8.86
281,Mahasamund,IN,2021-07-24 00:22:58,21.1,82.1,75.47,93,100,10.96
282,Gravdal,NO,2021-07-24 00:23:03,68.1214,13.5031,51.6,96,100,10.45
283,Dukat,RU,2021-07-24 00:23:04,62.55,155.55,47.68,94,100,1.79
284,San Pedro,PH,2021-07-24 00:23:04,14.35,121.0167,79.16,86,100,19.98
285,Hrob,CZ,2021-07-24 00:23:05,50.6592,13.7268,65.95,79,39,8.99
286,Canete,CL,2021-07-24 00:23:06,-37.8,-73.4,47.73,84,100,3.53
287,Alice Springs,AU,2021-07-24 00:23:06,-23.7,133.8833,56.75,38,3,6.91
288,Pacific Grove,US,2021-07-24 00:23:07,36.6177,-121.9166,90.75,79,20,5.01
289,Sauk Rapids,US,2021-07-24 00:18:38,45.5919,-94.1661,89.42,61,20,1.99
290,Thinadhoo,MV,2021-07-24 00:23:08,0.5333,72.9333,83.03,76,89,12.5
291,Laguna,US,2021-07-24 00:19:36,38.421,-121.4238,106.32,15,1,3.0
292,Sola,VU,2021-07-24 00:23:09,-13.8833,167.55,80.78,78,78,17.56
293,Clyde River,CA,2021-07-24 00:23:09,70.4692,-68.5914,37.63,87,75,14.97
294,Torrington,US,2021-07-24 00:23:10,41.8007,-73.1212,73.42,73,66,3.96
295,Nouadhibou,MR,2021-07-24 00:19:24,20.931,-17.0347,67.98,94,0,11.5
296,Payo,ID,2021-07-24 00:23:11,-3.7508,103.6372,71.24,97,62,1.99
297,Campobasso,IT,2021-07-24 00:23:11,41.6333,14.5833,73.45,66,10,4.7
298,Puerto Escondido,MX,2021-07-24 00:23:12,15.85,-97.0667,86.83,66,75,10.36
299,Celestun,MX,2021-07-24 00:19:18,20.8667,-90.4,83.3,75,61,18.05
300,Mocuba,MZ,2021-07-24 00:23:13,-16.8392,36.9856,64.78,74,99,6.17
301,Klaksvik,FO,2021-07-24 00:18:53,62.2266,-6.589,52.72,91,54,16.55
302,Zyryanka,RU,2021-07-24 00:23:14,65.75,150.85,67.86,46,58,2.19
303,Taos,US,2021-07-24 00:23:14,36.4072,-105.5731,64.8,89,90,13.8
304,Orotina,CR,2021-07-24 00:23:15,9.912,-84.5234,81.64,92,100,1.05
305,Faanui,PF,2021-07-24 00:23:15,-16.4833,-151.75,78.26,67,10,13.44
306,Eau Claire,US,2021-07-24 00:23:16,44.8114,-91.4985,88.18,65,1,1.01
307,Kamaishi,JP,2021-07-24 00:23:16,39.2667,141.8833,81.55,78,43,6.29
308,Saint-Pierre,RE,2021-07-24 00:23:17,-21.3393,55.4781,65.88,62,0,9.22
309,Mazamari,PE,2021-07-24 00:23:17,-11.3258,-74.5308,74.16,71,35,1.03
310,Juegang,CN,2021-07-24 00:23:18,32.3174,121.1855,79.77,84,97,19.82
311,Da Nang,VN,2021-07-24 00:23:18,16.0678,108.2208,85.98,58,75,8.05
312,Ilulissat,GL,2021-07-24 00:23:19,69.2167,-51.1,42.82,87,75,6.91
313,Harper,LR,2021-07-24 00:19:51,4.375,-7.7169,75.13,75,87,7.29
314,Tongliao,CN,2021-07-24 00:23:20,43.6125,122.2653,83.52,55,50,16.11
315,Bonthe,SL,2021-07-24 00:23:21,7.5264,-12.505,74.43,95,100,13.4
316,Quelimane,MZ,2021-07-24 00:23:21,-17.8786,36.8883,71.55,60,75,8.05
317,Jalu,LY,2021-07-24 00:23:22,29.0331,21.5482,80.62,48,0,10.22
318,Porto De Moz,BR,2021-07-24 00:23:22,-1.7483,-52.2383,77.23,65,18,4.41
319,Asfi,MA,2021-07-24 00:23:23,32.2994,-9.2372,71.29,75,79,22.55
320,Totness,SR,2021-07-24 00:23:23,5.8833,-56.3167,79.83,86,87,10.51
321,Arman,RU,2021-07-24 00:23:24,59.7,150.1667,59.23,85,93,2.3
322,Bad Laasphe,DE,2021-07-24 00:23:24,50.9333,8.4,62.19,86,40,3.51
323,Ossora,RU,2021-07-24 00:23:25,59.2353,163.0719,58.05,80,94,7.81
324,Berlevag,NO,2021-07-24 00:23:25,70.8578,29.0864,44.91,87,100,34.99
325,Merauke,ID,2021-07-24 00:19:06,-8.4667,140.3333,79.2,70,65,8.97
326,Toora-Khem,RU,2021-07-24 00:23:26,52.4675,96.11,62.55,59,98,2.84
327,Dingle,PH,2021-07-24 00:18:31,10.9995,122.6711,81.84,81,100,14.94
328,Yavaros,MX,2021-07-24 00:23:28,26.7,-109.5167,93.45,51,5,13.0
329,Churapcha,RU,2021-07-24 00:23:28,62.0025,132.4325,61.77,83,100,13.42
330,Tankhoy,RU,2021-07-24 00:23:29,51.5528,105.1306,61.5,80,59,3.89
331,Asosa,ET,2021-07-24 00:20:23,10.0667,34.5333,59.88,99,99,3.27
332,Charters Towers,AU,2021-07-24 00:23:31,-20.1,146.2667,71.65,33,7,10.02
333,Cividale Del Friuli,IT,2021-07-24 00:23:32,46.0931,13.4275,73.67,83,54,5.64
334,Pires Do Rio,BR,2021-07-24 00:23:32,-17.2997,-48.2794,63.93,48,64,6.35
335,Smithers,CA,2021-07-24 00:21:34,54.7804,-127.1743,59.11,67,95,3.91
336,Tazovskiy,RU,2021-07-24 00:23:33,67.4667,78.7,48.27,88,91,23.69
337,Willowmore,ZA,2021-07-24 00:23:33,-33.2926,23.4895,35.38,92,6,7.4
338,Valdemarpils,LV,2021-07-24 00:23:34,57.3707,22.5919,47.62,90,1,4.61
339,Inhambane,MZ,2021-07-24 00:23:35,-23.865,35.3833,66.18,77,40,17.27
340,Homestead,US,2021-07-24 00:22:53,25.4687,-80.4776,84.97,86,75,1.99
341,Araioses,BR,2021-07-24 00:23:35,-2.89,-41.9031,77.29,83,22,8.48
342,Bitkine,TD,2021-07-24 00:23:36,11.9801,18.2138,76.5,69,29,2.8
343,Opuwo,NA,2021-07-24 00:23:37,-18.0607,13.84,53.1,14,0,8.34
344,Am Timan,TD,2021-07-24 00:23:37,11.0297,20.2827,74.19,79,6,4.5
345,Kirakira,SB,2021-07-24 00:23:38,-10.4544,161.9205,85.15,68,74,6.22
346,La Asuncion,VE,2021-07-24 00:23:38,11.0333,-63.8628,91.13,58,77,12.66
347,Nicoya,CR,2021-07-24 00:23:39,10.1483,-85.452,72.95,85,99,6.02
348,Lethem,GY,2021-07-24 00:23:39,3.3803,-59.7968,76.42,91,73,6.06
349,La Primavera,CO,2021-07-24 00:23:40,5.4906,-70.4092,73.96,93,97,1.92
350,Hervey Bay,AU,2021-07-24 00:23:40,-25.2986,152.8535,73.51,75,54,10.16
351,Mount Isa,AU,2021-07-24 00:23:41,-20.7333,139.5,69.57,30,20,8.05
352,Neiafu,TO,2021-07-24 00:23:41,-18.65,-173.9833,81.28,83,75,9.22
353,Karratha,AU,2021-07-24 00:18:44,-20.7377,116.8463,70.36,39,8,12.19
354,Lazaro Cardenas,MX,2021-07-24 00:23:42,17.9583,-102.2,85.53,78,87,7.92
355,Popondetta,PG,2021-07-24 00:23:43,-8.7537,148.2534,82.56,69,87,3.49
356,Angoche,MZ,2021-07-24 00:23:43,-16.2325,39.9086,73.58,59,53,19.51
357,Pimentel,PE,2021-07-24 00:19:07,-6.8367,-79.9342,66.99,82,28,1.99
358,Ardakan,IR,2021-07-24 00:23:44,32.31,54.0175,91.78,15,6,3.11
359,Kavaratti,IN,2021-07-24 00:23:44,10.5669,72.642,82.0,82,90,21.09
360,Coahuayana,MX,2021-07-24 00:23:45,18.7333,-103.6833,78.28,76,91,5.53
361,Buin,CL,2021-07-24 00:23:45,-33.7333,-70.75,46.44,73,1,3.13
362,Port Hueneme,US,2021-07-24 00:23:46,34.1478,-119.1951,98.06,69,40,13.8
363,Lagunas,PE,2021-07-24 00:23:46,-5.2269,-75.6753,75.81,70,23,1.36
364,Kamwenge,UG,2021-07-24 00:23:47,0.1866,30.4539,67.12,56,85,1.92
365,Chesma,RU,2021-07-24 00:23:47,53.8111,60.6533,61.56,99,100,4.12
366,Sitka,US,2021-07-24 00:23:48,57.0531,-135.33,57.09,82,90,13.8
367,Cabedelo,BR,2021-07-24 00:22:33,-6.9811,-34.8339,74.07,84,12,16.15
368,Port Hardy,CA,2021-07-24 00:23:48,50.6996,-127.4199,59.18,94,90,2.3
369,Caborca,MX,2021-07-24 00:23:49,30.5838,-111.101,84.54,38,100,15.57
370,Tautira,PF,2021-07-24 00:23:50,-17.7333,-149.15,82.42,69,2,9.44
371,Henties Bay,NA,2021-07-24 00:23:50,-22.116,14.2845,64.98,33,0,6.42
372,Luderitz,NA,2021-07-24 00:23:07,-26.6481,15.1594,64.63,22,2,23.22
373,Kawalu,ID,2021-07-24 00:23:52,-7.3817,108.2082,72.88,95,88,1.97
374,Savalou,BJ,2021-07-24 00:23:52,7.9281,1.9756,71.44,89,96,6.78
375,Norman Wells,CA,2021-07-24 00:23:53,65.282,-126.8329,59.04,77,90,10.36
376,Aykhal,RU,2021-07-24 00:23:53,66.0,111.5,61.0,76,51,17.31
377,Jinchang,CN,2021-07-24 00:23:54,38.4953,102.1739,80.4,42,1,3.2
378,Kushima,JP,2021-07-24 00:19:11,31.4583,131.2333,82.44,87,100,14.12
379,Ploemeur,FR,2021-07-24 00:23:55,47.7333,-3.4333,65.82,94,75,17.27
380,Castro,BR,2021-07-24 00:23:55,-24.7911,-50.0119,52.25,80,0,3.11
381,Honningsvag,NO,2021-07-24 00:23:56,70.9821,25.9704,45.63,85,100,33.24
382,Miyako,JP,2021-07-24 00:23:56,39.6367,141.9525,79.34,77,50,4.85
383,Kruisfontein,ZA,2021-07-24 00:23:57,-34.0033,24.7314,42.82,79,31,5.61
384,Davenda,RU,2021-07-24 00:23:57,53.5556,119.317,69.84,66,81,1.1
385,Phalaborwa,ZA,2021-07-24 00:23:58,-23.943,31.1411,47.48,63,0,7.34
386,Umkomaas,ZA,2021-07-24 00:23:58,-30.2067,30.7978,52.68,58,18,11.41
387,Inuvik,CA,2021-07-24 00:23:59,68.3499,-133.7218,66.96,100,75,4.61
388,Yumen,CN,2021-07-24 00:23:59,40.2833,97.2,78.75,40,49,9.37
389,Lukovetskiy,RU,2021-07-24 00:24:00,64.2956,41.9211,40.98,83,70,6.11
390,Port Hedland,AU,2021-07-24 00:24:00,-20.3167,118.5667,68.05,37,3,6.91
391,Beisfjord,NO,2021-07-24 00:19:37,68.3751,17.5988,52.25,99,100,3.85
392,Viedma,AR,2021-07-24 00:24:02,-40.8135,-62.9967,46.35,60,93,6.13
393,North Battleford,CA,2021-07-24 00:24:02,52.7834,-108.2847,77.09,25,1,21.85
394,Geraldton,AU,2021-07-24 00:24:03,-28.7667,114.6,54.12,94,75,10.36
395,Makasar,ID,2021-07-24 00:24:03,-5.14,119.4221,71.65,83,20,2.3
396,San Carlos De Bariloche,AR,2021-07-24 00:24:04,-41.1456,-71.3082,33.55,44,0,5.75
397,Bafra,TR,2021-07-24 00:24:04,41.5678,35.9069,73.18,73,6,8.86
398,Martapura,ID,2021-07-24 00:22:22,-3.4167,114.85,75.29,94,20,2.3
399,Talaya,RU,2021-07-24 00:24:06,61.3833,152.75,55.36,91,100,2.75
400,Pedasi,PA,2021-07-24 00:24:07,7.5333,-80.0333,79.61,84,100,4.65
401,Palmer,US,2021-07-24 00:21:22,42.1584,-72.3287,72.21,78,75,0.0
402,Nadym,RU,2021-07-24 00:24:08,65.5333,72.5167,51.24,88,100,7.96
403,Bongandanga,CD,2021-07-24 00:24:08,1.5,21.05,75.18,72,95,1.5
404,Cartagena,CO,2021-07-24 00:22:31,10.3997,-75.5144,83.82,84,75,8.05
405,Hutchinson,US,2021-07-24 00:21:24,38.0608,-97.9298,94.95,37,1,1.99
406,Aksu,CN,2021-07-24 00:24:09,41.1231,80.2644,76.1,52,0,4.88
407,Namwala,ZM,2021-07-24 00:24:10,-15.7504,26.4384,58.77,52,39,5.44
408,Preston,GB,2021-07-24 00:24:10,53.7667,-2.7167,64.15,76,100,1.99
409,Albury,AU,2021-07-24 00:24:11,-36.0833,146.9167,48.25,93,90,9.22
410,Zeya,RU,2021-07-24 00:24:11,53.75,127.2667,68.56,99,100,3.74
411,Kavieng,PG,2021-07-24 00:24:12,-2.5744,150.7967,84.74,70,14,13.35
412,Chute-Aux-Outardes,CA,2021-07-24 00:24:12,49.1168,-68.399,66.18,68,90,5.75
413,Okahandja,NA,2021-07-24 00:24:13,-21.9833,16.9167,48.51,15,0,10.96
414,Barentu,ER,2021-07-24 00:24:13,15.1139,37.5928,68.49,89,99,8.63
415,Saint-Augustin,CA,2021-07-24 00:24:14,51.226,-58.6502,49.51,89,100,11.27
416,Kinsale,IE,2021-07-24 00:24:14,51.7075,-8.5306,65.57,82,40,9.22
417,Yako,BF,2021-07-24 00:24:15,12.9667,-2.2667,81.45,60,61,9.64
418,Anadyr,RU,2021-07-24 00:24:15,64.75,177.4833,55.9,87,75,11.01
419,Yar-Sale,RU,2021-07-24 00:24:16,66.8333,70.8333,49.48,90,85,9.06
420,Barcelona,ES,2021-07-24 00:24:16,41.3888,2.159,81.61,70,0,1.01
421,Doha,QA,2021-07-24 00:21:25,25.2867,51.5333,93.18,71,0,3.44
422,Marshfield,US,2021-07-24 00:24:17,44.6689,-90.1718,83.55,65,1,11.5
423,Cravo Norte,CO,2021-07-24 00:24:18,6.3017,-70.2041,73.83,92,96,4.07
424,Guerrero Negro,MX,2021-07-24 00:23:31,27.9769,-114.0611,77.13,66,17,17.43
425,Dhidhdhoo,MV,2021-07-24 00:24:18,6.8833,73.1,82.02,79,100,14.74
426,Brigantine,US,2021-07-24 00:22:37,39.4101,-74.3646,78.03,65,1,5.75
427,La Palma,US,2021-07-24 00:24:19,33.8464,-118.0467,101.01,65,1,5.99
428,Bukachacha,RU,2021-07-24 00:24:20,52.9833,116.9167,62.13,89,78,3.24
429,Narsaq,GL,2021-07-24 00:24:20,60.9167,-46.05,48.42,73,12,4.09
430,Colesberg,ZA,2021-07-24 00:24:21,-30.72,25.0972,27.46,81,3,8.21
431,Ouesso,CG,2021-07-24 00:24:22,1.6136,16.0517,70.74,90,91,2.77
432,Caldwell,US,2021-07-24 00:24:22,43.6629,-116.6874,97.47,16,1,3.44
433,Vysokogornyy,RU,2021-07-24 00:24:22,50.1167,139.15,83.64,55,55,8.05
434,Athabasca,CA,2021-07-24 00:24:23,54.7169,-113.2854,73.22,32,69,18.66
435,Batsfjord,NO,2021-07-24 00:24:23,70.6345,29.7185,44.51,88,100,34.83
436,Tongzi,CN,2021-07-24 00:24:24,28.7829,105.0877,77.45,92,92,2.06
437,Tokmak,UA,2021-07-24 00:24:25,47.2514,35.7058,62.28,59,0,7.74
438,Evensk,RU,2021-07-24 00:24:25,61.95,159.2333,49.73,97,100,2.28
439,Hofn,IS,2021-07-24 00:24:26,64.2539,-15.2082,53.6,98,100,4.76
440,Oytal,KZ,2021-07-24 00:24:26,42.9057,73.2697,74.43,31,0,4.99
441,Puerto Ayacucho,VE,2021-07-24 00:24:28,5.6639,-67.6236,75.63,92,91,2.13
442,Muborak,UZ,2021-07-24 00:24:28,39.2553,65.1528,80.49,21,0,0.56
443,Barranca,PE,2021-07-24 00:24:28,-10.75,-77.7667,63.27,82,46,8.46
444,Dudinka,RU,2021-07-24 00:24:29,69.4058,86.1778,64.78,88,100,27.78
445,Saint George,US,2021-07-24 00:19:43,37.1041,-113.5841,100.99,26,40,8.01
446,Kyshtovka,RU,2021-07-24 00:24:29,56.555,76.6271,64.71,82,64,3.94
447,Namtsy,RU,2021-07-24 00:24:30,62.7161,129.6658,64.51,91,100,1.54
448,Villa Sandino,NI,2021-07-24 00:24:31,12.0483,-84.9936,77.45,73,83,12.3
449,Mananara,MG,2021-07-24 00:24:31,-16.1667,49.7667,63.61,93,47,5.44
450,Ponta Delgada,PT,2021-07-24 00:24:32,37.7333,-25.6667,70.52,100,75,11.5
451,Sunnyside,US,2021-07-24 00:24:32,46.3237,-120.0087,93.69,23,1,0.0
452,Egvekinot,RU,2021-07-24 00:24:33,66.3167,-179.1667,50.32,76,81,7.54
453,Flinders,AU,2021-07-24 00:24:04,-34.5833,150.8552,58.05,83,93,1.01
454,Mgandu,TZ,2021-07-24 00:24:34,-5.95,34.1333,59.86,52,5,10.89
455,Santa Fe,AR,2021-07-24 00:23:59,-31.6333,-60.7,68.92,54,4,6.71
456,Abu Kamal,SY,2021-07-24 00:24:35,34.4506,40.9171,88.74,37,0,11.86
457,El Alto,PE,2021-07-24 00:24:35,-4.2714,-81.2147,63.55,85,29,24.65
458,Kaspiyskiy,RU,2021-07-24 00:24:37,45.3929,47.3707,76.06,63,96,13.58
459,Rio De Janeiro,BR,2021-07-24 00:21:42,-22.9028,-43.2075,69.91,71,0,5.75
460,Okakarara,NA,2021-07-24 00:24:42,-20.5833,17.4333,37.63,20,0,5.5
461,Homer,US,2021-07-24 00:24:43,59.6425,-151.5483,65.77,76,1,11.5
462,Praia Da Vitoria,PT,2021-07-24 00:24:45,38.7333,-27.0667,71.85,94,75,12.33
463,Biltine,TD,2021-07-24 00:24:49,14.5333,20.9167,80.51,65,100,6.89
464,Ostersund,SE,2021-07-24 00:24:53,63.1792,14.6357,52.25,87,65,8.05
465,Puerto Leguizamo,CO,2021-07-24 00:24:53,-0.1934,-74.7819,72.03,94,43,2.84
466,Te Anau,NZ,2021-07-24 00:24:55,-45.4167,167.7167,47.08,81,46,1.41
467,Paamiut,GL,2021-07-24 00:24:57,61.994,-49.6678,43.09,86,85,10.33
468,Chuguyevka,RU,2021-07-24 00:24:58,44.1653,133.8633,89.33,56,57,1.14
469,Urzhum,RU,2021-07-24 00:24:58,57.1141,49.9996,52.74,95,84,7.2
470,Zolotukhino,RU,2021-07-24 00:25:03,52.0842,36.3772,57.61,80,87,6.6
471,Mitu,CO,2021-07-24 00:25:04,1.1983,-70.1733,71.35,99,78,1.66
472,Kerur,IN,2021-07-24 00:25:04,16.0167,75.5667,71.19,87,100,17.22
473,Sovetskiy,RU,2021-07-24 00:25:05,61.3614,63.5842,49.77,94,40,4.23
474,Aktash,RU,2021-07-24 00:25:06,50.3,87.7333,50.07,84,81,1.3
475,Avera,US,2021-07-24 00:25:06,33.194,-82.5271,87.71,62,83,5.01
476,Kapoeta,SS,2021-07-24 00:25:08,4.7717,33.5903,73.29,79,58,2.93
477,Cururupu,BR,2021-07-24 00:25:09,-1.8283,-44.8683,73.92,89,26,3.42
478,Turukhansk,RU,2021-07-24 00:25:09,65.8167,87.9833,69.19,74,96,19.15
479,Silvania,BR,2021-07-24 00:25:10,-16.6589,-48.6081,69.76,55,60,6.82
480,Jumla,NP,2021-07-24 00:25:11,29.2747,82.1838,63.23,95,99,1.34
481,Kozhevnikovo,RU,2021-07-24 00:25:12,56.2589,83.9714,62.26,76,100,6.76
482,Praia,CV,2021-07-24 00:25:12,14.9215,-23.5087,75.74,73,75,11.5
483,La Romana,DO,2021-07-24 00:25:13,18.4273,-68.9728,82.76,83,75,0.0
484,Acajutla,SV,2021-07-24 00:23:48,13.5928,-89.8275,85.06,66,76,7.87
485,Maltahohe,NA,2021-07-24 00:25:14,-24.8333,16.9833,40.41,31,0,8.93
486,Lasa,IT,2021-07-24 00:25:15,46.6166,10.7002,65.66,77,37,2.93
487,Mvuma,ZW,2021-07-24 00:25:17,-19.2792,30.5283,44.67,65,78,11.3
488,Zakharovo,RU,2021-07-24 00:25:17,54.366,39.2792,56.21,82,50,7.43
489,Princeton,US,2021-07-24 00:25:21,25.5384,-80.4089,84.97,86,75,3.44
490,Avesta,SE,2021-07-24 00:25:22,60.1455,16.1679,55.13,89,5,2.21
491,Billings,US,2021-07-24 00:25:04,45.7833,-108.5007,99.37,13,20,6.91
492,Guhagar,IN,2021-07-24 00:25:24,17.4842,73.1929,79.75,86,100,15.17
493,Ancud,CL,2021-07-24 00:25:29,-41.8697,-73.8203,36.93,80,69,9.37
494,Vao,NC,2021-07-24 00:25:31,-22.6667,167.4833,71.37,78,8,7.76
495,Belmonte,BR,2021-07-24 00:25:31,-15.8631,-38.8828,68.5,76,97,9.44
496,Pringsewu,ID,2021-07-24 00:25:42,-5.3582,104.9744,73.69,96,76,4.07
497,Tuatapere,NZ,2021-07-24 00:24:39,-46.1333,167.6833,54.82,69,52,5.75
498,Oranjemund,NA,2021-07-24 00:25:49,-28.55,16.4333,60.06,26,0,16.6
499,Borba,BR,2021-07-24 00:25:54,-4.3878,-59.5939,76.28,85,73,2.1
500,San-Pedro,CI,2021-07-24 00:25:57,4.7485,-6.6363,74.48,79,50,6.22
501,Grand-Santi,GF,2021-07-24 00:25:58,4.25,-54.3833,73.92,94,97,3.06
502,Kalmunai,LK,2021-07-24 00:25:58,7.4167,81.8167,78.15,72,77,8.75
503,Salalah,OM,2021-07-24 00:25:59,17.0151,54.0924,77.09,100,90,10.36
504,Zyryanovsk,KZ,2021-07-24 00:26:02,49.7386,84.2719,62.01,91,67,2.13
505,Sungaipenuh,ID,2021-07-24 00:26:08,-2.0833,101.3833,63.93,92,100,0.92
506,Poum,NC,2021-07-24 00:26:10,-20.2333,164.0167,73.99,73,5,5.35
507,Namibe,AO,2021-07-24 00:26:10,-15.1961,12.1522,64.94,85,8,4.63
508,Sao Joao Da Barra,BR,2021-07-24 00:26:19,-21.6403,-41.0511,67.89,68,0,9.53
509,Kuytun,RU,2021-07-24 00:26:20,54.3419,101.5036,62.1,74,19,5.75
510,Pemba,MZ,2021-07-24 00:26:21,-12.974,40.5178,70.5,83,20,8.05
511,Miyang,CN,2021-07-24 00:26:22,24.4042,103.4428,68.85,93,95,2.37
512,Goderich,CA,2021-07-24 00:26:25,43.7501,-81.7165,74.91,60,53,4.61
513,Vinh,VN,2021-07-24 00:26:28,18.6667,105.6667,76.93,96,100,5.32
514,Fukue,JP,2021-07-24 00:26:33,32.6881,128.8419,82.76,78,0,8.05
515,Arrecife,ES,2021-07-24 00:26:36,28.963,-13.5477,75.27,83,20,21.85
516,Warrensburg,US,2021-07-24 00:26:37,38.7628,-93.7361,89.26,60,1,4.61
517,Axim,GH,2021-07-24 00:26:42,4.8699,-2.2405,75.31,79,98,6.46
518,Bilibino,RU,2021-07-24 00:26:47,68.0546,166.4372,60.42,58,82,12.55
519,Ulladulla,AU,2021-07-24 00:26:48,-35.35,150.4667,57.87,63,96,11.32
520,Gizo,SB,2021-07-24 00:26:50,-8.103,156.8419,83.5,70,33,3.74
521,Saharsa,IN,2021-07-24 00:26:51,25.8833,86.6,80.55,84,88,19.62
522,Suriapet,IN,2021-07-24 00:24:11,17.15,79.6167,75.29,83,99,11.54
523,Coronado,US,2021-07-24 00:26:58,32.6859,-117.1831,90.95,74,75,6.91
524,Lucapa,AO,2021-07-24 00:26:59,-8.4192,20.7447,65.79,33,17,4.68
525,General Roca,AR,2021-07-24 00:27:00,-39.0333,-67.5833,52.2,53,100,10.76
526,Neepawa,CA,2021-07-24 00:27:02,50.2289,-99.4664,84.81,21,0,14.47
527,Karatau,KZ,2021-07-24 00:27:03,43.1667,70.4667,72.84,34,0,1.05
528,Seda,LV,2021-07-24 00:27:05,57.65,25.75,53.33,89,0,3.56
529,Bellavista,PE,2021-07-24 00:27:10,-7.0561,-76.5911,81.68,74,6,1.01
530,Moerai,PF,2021-07-24 00:27:19,-22.4333,-151.3333,71.92,63,100,8.12
531,Yamada,JP,2021-07-24 00:27:21,39.4667,141.95,79.57,77,59,5.44
532,Kudahuvadhoo,MV,2021-07-24 00:26:33,2.6708,72.8944,78.84,85,97,11.14
533,Rehoboth,NA,2021-07-24 00:27:24,-23.3167,17.0833,39.06,19,0,3.51
534,Edd,ER,2021-07-24 00:27:40,13.9297,41.6925,85.24,65,99,9.6
535,Puri,IN,2021-07-24 00:27:52,19.8,85.85,83.37,80,100,10.22
536,Fountain Hills,US,2021-07-24 00:27:56,33.6117,-111.7174,77.29,93,75,1.99
537,Abha,SA,2021-07-24 00:28:03,18.2164,42.5053,62.85,77,40,0.0
538,Carutapera,BR,2021-07-24 00:28:04,-1.195,-46.02,74.98,91,17,6.6
539,Manzanillo,CU,2021-07-24 00:28:09,20.3433,-77.1167,78.94,83,70,5.08
540,Motala,SE,2021-07-24 00:28:09,58.5371,15.0365,53.37,86,1,4.36
541,Saiha,IN,2021-07-24 00:28:19,22.4833,92.9667,71.62,97,94,2.8
542,Caravelas,BR,2021-07-24 00:28:22,-17.7125,-39.2481,68.67,81,100,7.4
543,Victor Harbor,AU,2021-07-24 00:28:25,-35.5667,138.6167,52.32,75,52,18.45
544,Iracoubo,GF,2021-07-24 00:28:29,5.4802,-53.2011,78.15,88,88,10.8
545,Salta,AR,2021-07-24 00:28:35,-24.7859,-65.4117,63.19,57,0,1.99
546,Rocky Mountain House,CA,2021-07-24 00:28:36,52.3668,-114.9188,75.31,27,34,9.22
547,Grand Gaube,MU,2021-07-24 00:26:18,-20.0064,57.6608,68.4,79,48,3.0
548,Gillette,US,2021-07-24 00:24:58,44.2911,-105.5022,88.72,21,1,8.99
549,Celendin,PE,2021-07-24 00:28:46,-6.8703,-78.1517,54.52,62,16,4.65
550,Raga,SS,2021-07-24 00:28:47,8.4596,25.678,70.48,92,64,4.41
551,Kenai,US,2021-07-24 00:28:48,60.5544,-151.2583,59.63,72,100,2.1
552,Kargasok,RU,2021-07-24 00:28:52,59.0556,80.8572,64.04,69,1,5.77
553,Belyy Yar,RU,2021-07-24 00:28:55,53.6039,91.3903,67.89,77,0,4.47
554,Abu Dhabi,AE,2021-07-24 00:27:07,24.4667,54.3667,100.42,30,0,6.91
555,Marsa Matruh,EG,2021-07-24 00:28:57,31.3525,27.2453,78.37,62,0,14.58
556,Gladstone,AU,2021-07-24 00:28:48,-23.85,151.25,73.33,60,40,5.75
557,Dawson Creek,CA,2021-07-24 00:29:02,55.7666,-120.2362,65.84,45,20,20.71
558,Lorca,ES,2021-07-24 00:29:16,37.6712,-1.7017,79.5,47,14,2.01
559,Dekar,BW,2021-07-24 00:29:38,-21.5333,21.9333,40.64,28,0,6.73
560,Cascais,PT,2021-07-24 00:29:46,38.6979,-9.4215,66.47,75,1,4.0
561,Timra,SE,2021-07-24 00:29:47,62.487,17.3257,57.67,67,43,10.36
562,Lichinga,MZ,2021-07-24 00:29:48,-13.3128,35.2406,53.65,88,100,10.27
563,Bridlington,GB,2021-07-24 00:29:49,54.0831,-0.1919,62.78,85,84,9.91
