City_ID,City,Country,Date,Lat,Lng,Max Temp,Humidity,Cloudiness,Wind Speed,Current Description
0,Camacha,PT,2021-07-26 17:44:15,33.0833,-16.3333,77.54,78,40,12.66,scattered clouds
1,Esperance,AU,2021-07-26 17:44:16,-33.8667,121.9,55.24,75,68,30.29,broken clouds
2,Zhigansk,RU,2021-07-26 17:44:16,66.7697,123.3711,50.43,84,23,11.43,few clouds
3,Itarema,BR,2021-07-26 17:44:17,-2.9248,-39.9167,85.44,60,39,20.33,scattered clouds
4,Mayo,US,2021-07-26 17:44:17,38.8876,-76.5119,94.23,68,100,5.01,overcast clouds
5,Isangel,VU,2021-07-26 17:41:57,-19.55,169.2667,71.28,74,63,14.85,broken clouds
6,Saldanha,ZA,2021-07-26 17:44:18,-33.0117,17.9442,64.45,73,5,7.38,clear sky
7,Sobolevo,RU,2021-07-26 17:44:22,54.4299,31.8996,69.66,65,67,5.08,broken clouds
8,Chuy,UY,2021-07-26 17:44:23,-33.6971,-53.4616,54.88,74,100,12.88,overcast clouds
9,Mahebourg,MU,2021-07-26 17:44:23,-20.4081,57.7,68.29,94,40,9.22,light rain
10,Wurzen,DE,2021-07-26 17:44:23,51.3667,12.7333,75.99,71,89,4.45,overcast clouds
11,Kodiak,US,2021-07-26 17:39:45,57.79,-152.4072,54.91,82,90,0.0,overcast clouds
12,Hermanus,ZA,2021-07-26 17:44:24,-34.4187,19.2345,59.56,69,28,3.18,scattered clouds
13,Mataura,NZ,2021-07-26 17:44:25,-46.1927,168.8643,42.48,98,91,2.95,overcast clouds
14,Yellowknife,CA,2021-07-26 17:44:25,62.456,-114.3525,70.32,55,75,3.0,broken clouds
15,Port Elizabeth,ZA,2021-07-26 17:44:30,-33.918,25.5701,66.09,34,100,9.1,overcast clouds
16,Katsuura,JP,2021-07-26 17:44:30,35.1333,140.3,73.51,74,100,22.12,moderate rain
17,Domoni,KM,2021-07-26 17:44:31,-12.2569,44.5319,74.17,72,12,10.18,few clouds
18,Rikitea,PF,2021-07-26 17:44:31,-23.1203,-134.9692,73.54,74,36,17.83,scattered clouds
19,Bluff,NZ,2021-07-26 17:39:55,-46.6,168.3333,42.8,78,79,17.0,broken clouds
20,Hualmay,PE,2021-07-26 17:41:20,-11.0964,-77.6139,68.61,72,39,12.91,scattered clouds
21,Hasaki,JP,2021-07-26 17:44:32,35.7333,140.8333,72.28,90,100,30.31,overcast clouds
22,Cuamba,MZ,2021-07-26 17:44:32,-14.8031,36.5372,61.34,74,49,6.71,scattered clouds
23,Port Macquarie,AU,2021-07-26 17:43:07,-31.4333,152.9167,46.38,78,0,5.5,clear sky
24,Kokopo,PG,2021-07-26 17:44:33,-4.352,152.2633,76.21,85,64,3.38,light rain
25,Punta Arenas,CL,2021-07-26 17:39:46,-53.15,-70.9167,42.91,75,0,18.41,clear sky
26,Saskylakh,RU,2021-07-26 17:44:34,71.9167,114.0833,45.1,89,49,2.73,scattered clouds
27,Ashqelon,IL,2021-07-26 17:44:34,31.6693,34.5715,84.81,72,0,9.35,clear sky
28,Ushuaia,AR,2021-07-26 17:44:35,-54.8,-68.3,35.26,87,75,5.75,light rain
29,Pangkalanbuun,ID,2021-07-26 17:44:35,-2.6833,111.6167,73.83,92,1,2.73,clear sky
30,Ballina,AU,2021-07-26 17:40:54,-28.8667,153.5667,48.78,93,53,0.0,broken clouds
31,Hilo,US,2021-07-26 17:44:36,19.7297,-155.09,73.62,94,90,4.61,light rain
32,Lubango,AO,2021-07-26 17:44:36,-14.9172,13.4925,59.95,31,3,3.42,clear sky
33,Arraial Do Cabo,BR,2021-07-26 17:40:59,-22.9661,-42.0278,82.36,57,0,23.02,clear sky
34,Belmonte,BR,2021-07-26 17:44:37,-15.8631,-38.8828,77.5,73,19,7.0,few clouds
35,Stijena,BA,2021-07-26 17:44:38,44.9353,16.0172,75.67,52,82,5.35,broken clouds
36,Vila Franca Do Campo,PT,2021-07-26 17:44:38,37.7167,-25.4333,73.81,66,0,6.22,clear sky
37,San Cristobal,VE,2021-07-26 17:39:55,7.7669,-72.225,82.58,61,73,7.49,broken clouds
38,Ponta Do Sol,PT,2021-07-26 17:41:10,32.6667,-17.1,81.01,77,21,2.48,few clouds
39,East London,ZA,2021-07-26 17:39:53,-33.0153,27.9116,61.74,48,0,6.91,clear sky
40,Gimli,CA,2021-07-26 17:44:45,50.6336,-96.9907,82.06,68,71,2.3,broken clouds
41,Itupiranga,BR,2021-07-26 17:41:13,-5.1347,-49.3267,97.12,29,50,3.51,scattered clouds
42,Butaritari,KI,2021-07-26 17:44:46,3.0707,172.7902,82.33,73,95,7.52,overcast clouds
43,Albany,US,2021-07-26 17:44:03,42.6001,-73.9662,86.04,57,1,1.99,clear sky
44,Brandon,US,2021-07-26 17:44:51,27.9378,-82.2859,95.09,65,1,1.01,clear sky
45,Kapaa,US,2021-07-26 17:41:53,22.0752,-159.319,80.92,81,1,1.01,clear sky
46,Puerto Ayora,EC,2021-07-26 17:44:54,-0.7393,-90.3518,78.76,80,81,7.0,broken clouds
47,Mao,ES,2021-07-26 17:44:55,39.8885,4.2658,79.36,61,0,10.36,clear sky
48,Airai,TL,2021-07-26 17:44:55,-8.9266,125.4092,55.31,66,27,2.44,scattered clouds
49,Qaanaaq,GL,2021-07-26 17:44:56,77.484,-69.3632,44.49,54,89,9.71,overcast clouds
50,Litovko,RU,2021-07-26 17:44:57,49.2361,135.1742,72.88,86,80,3.0,broken clouds
51,Hof,DE,2021-07-26 17:44:57,50.3167,11.9167,74.5,74,0,3.44,light rain
52,Mapiri,BO,2021-07-26 17:44:58,-15.25,-68.1667,86.86,41,12,2.15,few clouds
53,Cape Town,ZA,2021-07-26 17:43:59,-33.9258,18.4232,63.01,65,0,5.75,clear sky
54,Pangody,RU,2021-07-26 17:44:59,65.85,74.4859,50.11,69,100,8.52,overcast clouds
55,Huarmey,PE,2021-07-26 17:44:59,-10.0681,-78.1522,70.54,71,36,13.29,scattered clouds
56,Haines Junction,CA,2021-07-26 17:45:00,60.7522,-137.5108,49.95,76,98,2.3,moderate rain
57,Haapiti,PF,2021-07-26 17:45:00,-17.5667,-149.8667,76.73,73,32,9.42,scattered clouds
58,Port Lincoln,AU,2021-07-26 17:45:01,-34.7333,135.8667,54.28,52,30,17.38,scattered clouds
59,Zigong,CN,2021-07-26 17:45:02,29.3416,104.7769,76.33,89,2,4.5,light rain
60,Atuona,PF,2021-07-26 17:45:03,-9.8,-139.0333,77.52,70,55,25.08,broken clouds
61,Madera,US,2021-07-26 17:41:42,37.1666,-119.8343,97.86,26,92,3.0,overcast clouds
62,Salalah,OM,2021-07-26 17:45:09,17.0151,54.0924,78.89,89,75,4.61,broken clouds
63,Margate,GB,2021-07-26 17:43:38,51.3813,1.3862,73.85,76,67,4.0,broken clouds
64,Ilulissat,GL,2021-07-26 17:45:14,69.2167,-51.1,48.22,61,75,3.44,light rain
65,Tandil,AR,2021-07-26 17:45:15,-37.3217,-59.1332,54.1,30,22,10.0,few clouds
66,Guerrero Negro,MX,2021-07-26 17:40:26,27.9769,-114.0611,77.18,57,1,8.34,clear sky
67,Castro,BR,2021-07-26 17:45:20,-24.7911,-50.0119,72.18,42,7,8.77,clear sky
68,Hobart,AU,2021-07-26 17:45:20,-42.8794,147.3294,53.46,84,90,3.0,light intensity shower rain
69,Makakilo City,US,2021-07-26 17:45:21,21.3469,-158.0858,77.68,70,1,0.0,clear sky
70,Brigham City,US,2021-07-26 17:45:21,41.5102,-112.0155,94.48,15,1,0.0,clear sky
71,Vaini,TO,2021-07-26 17:45:22,-21.2,-175.2,75.45,77,77,9.53,light rain
72,Barrow,US,2021-07-26 17:45:22,71.2906,-156.7887,41.02,98,90,11.5,light rain
73,Avarua,CK,2021-07-26 17:45:23,-21.2078,-159.775,73.45,94,75,4.61,light rain
74,Port-Cartier,CA,2021-07-26 17:45:23,50.0334,-66.8654,69.93,76,95,7.74,overcast clouds
75,Krasnoselkup,RU,2021-07-26 17:45:24,65.7,82.4667,56.53,96,100,15.28,moderate rain
76,Paracuru,BR,2021-07-26 17:40:29,-3.41,-39.0306,87.82,58,5,17.94,clear sky
77,Provideniya,RU,2021-07-26 17:45:24,64.3833,-173.3,48.11,99,100,3.04,overcast clouds
78,Tuktoyaktuk,CA,2021-07-26 17:45:18,69.4541,-133.0374,46.4,81,90,9.22,overcast clouds
79,Flinders,AU,2021-07-26 17:43:04,-34.5833,150.8552,58.37,64,97,4.0,overcast clouds
80,New Norfolk,AU,2021-07-26 17:45:26,-42.7826,147.0587,53.1,81,98,3.0,light rain
81,Chokurdakh,RU,2021-07-26 17:45:27,70.6333,147.9167,35.62,88,81,11.54,broken clouds
82,Ahipara,NZ,2021-07-26 17:45:27,-35.1667,173.1667,55.29,83,22,18.84,few clouds
83,Tautira,PF,2021-07-26 17:45:28,-17.7333,-149.15,77.02,77,42,7.25,scattered clouds
84,Itaituba,BR,2021-07-26 17:45:28,-4.2761,-55.9836,95.16,49,40,9.22,scattered clouds
85,Port Hardy,CA,2021-07-26 17:45:29,50.6996,-127.4199,60.98,88,75,3.44,light rain
86,Aitape,PG,2021-07-26 17:45:29,-3.1374,142.3475,76.51,88,12,3.27,few clouds
87,Severnoye,RU,2021-07-26 17:45:30,56.3491,78.3619,54.37,64,24,12.82,few clouds
88,Gigant,RU,2021-07-26 17:45:30,46.5066,41.3419,83.64,31,80,7.54,broken clouds
89,Oberndorf,DE,2021-07-26 17:45:31,48.2905,8.5722,69.39,91,86,4.79,overcast clouds
90,Mareeba,AU,2021-07-26 17:45:32,-17.0,145.4333,65.12,88,96,2.44,overcast clouds
91,Oktyabrskiy,RU,2021-07-26 17:45:32,54.4815,53.471,62.65,49,59,3.98,broken clouds
92,Busselton,AU,2021-07-26 17:45:36,-33.65,115.3333,56.08,68,55,32.73,broken clouds
93,Salinas,US,2021-07-26 17:44:56,36.6777,-121.6555,74.21,80,90,4.61,haze
94,Mar Del Plata,AR,2021-07-26 17:45:00,-38.0023,-57.5575,54.09,60,40,7.0,scattered clouds
95,Labuan,MY,2021-07-26 17:45:37,5.2767,115.2417,80.96,89,20,1.14,few clouds
96,Alofi,NU,2021-07-26 17:42:08,-19.0595,-169.9187,69.69,100,40,3.44,scattered clouds
97,Antalaha,MG,2021-07-26 17:45:38,-14.9003,50.2788,68.63,83,100,9.22,overcast clouds
98,Pamekasan,ID,2021-07-26 17:45:39,-7.1568,113.4746,75.47,75,4,7.74,clear sky
99,Rawson,AR,2021-07-26 17:41:17,-43.3002,-65.1023,46.76,40,11,29.57,few clouds
100,Hithadhoo,MV,2021-07-26 17:45:39,-0.6,73.0833,81.18,78,65,9.17,broken clouds
101,Labuhan,ID,2021-07-26 17:45:40,-6.8844,112.2051,73.04,85,0,7.61,clear sky
102,Vaitape,PF,2021-07-26 17:45:40,-16.5167,-151.75,78.58,72,54,13.51,broken clouds
103,Sitka,US,2021-07-26 17:45:41,57.0531,-135.33,55.29,82,20,4.61,few clouds
104,Flin Flon,CA,2021-07-26 17:45:43,54.7682,-101.865,66.04,55,75,6.91,broken clouds
105,Safford,US,2021-07-26 17:45:44,32.834,-109.7076,83.07,69,1,3.44,clear sky
106,Nouakchott,MR,2021-07-26 17:45:44,18.0858,-15.9785,78.73,77,65,17.63,broken clouds
107,Tuatapere,NZ,2021-07-26 17:42:21,-46.1333,167.6833,42.82,90,63,4.7,broken clouds
108,Hofn,IS,2021-07-26 17:45:45,64.2539,-15.2082,53.62,76,75,9.22,broken clouds
109,Souillac,MU,2021-07-26 17:45:46,-20.5167,57.5167,68.38,94,40,9.22,light rain
110,Lasa,IT,2021-07-26 17:45:46,46.6166,10.7002,70.02,84,65,2.42,broken clouds
111,Tsaratanana,MG,2021-07-26 17:45:47,-16.7833,47.65,64.47,68,1,10.98,clear sky
112,Sirsa,IN,2021-07-26 17:45:47,29.5333,75.0167,87.31,71,99,10.58,overcast clouds
113,Padang,ID,2021-07-26 17:41:39,-0.9492,100.3543,77.59,89,87,3.49,overcast clouds
114,Madang,PG,2021-07-26 17:45:48,-5.2246,145.7966,77.25,90,59,3.6,broken clouds
115,Victoria,HK,2021-07-26 17:42:43,22.2855,114.1577,88.32,86,98,1.01,overcast clouds
116,Severo-Kurilsk,RU,2021-07-26 17:45:49,50.6789,156.125,56.21,94,88,7.05,overcast clouds
117,Walvis Bay,NA,2021-07-26 17:45:50,-22.9575,14.5053,85.15,18,0,2.3,clear sky
118,Thyolo,MW,2021-07-26 17:45:51,-16.0678,35.1405,53.67,92,81,4.94,light rain
119,Kuching,MY,2021-07-26 17:45:51,1.55,110.3333,75.42,94,20,2.3,few clouds
120,Liwale,TZ,2021-07-26 17:45:52,-9.7667,37.9333,71.15,41,98,8.23,overcast clouds
121,Lagoa,PT,2021-07-26 17:45:52,39.05,-27.9833,70.86,84,65,11.07,broken clouds
122,Dhidhdhoo,MV,2021-07-26 17:45:53,6.8833,73.1,81.97,77,97,10.65,overcast clouds
123,Ayolas,PY,2021-07-26 17:45:53,-27.4,-56.9,72.68,72,100,1.34,heavy intensity rain
124,Vila,PT,2021-07-26 17:45:54,42.0304,-8.1588,73.74,56,0,6.31,clear sky
125,Cayenne,GF,2021-07-26 17:45:54,4.9333,-52.3333,87.84,80,75,5.99,broken clouds
126,Tres Arroyos,AR,2021-07-26 17:43:29,-38.3739,-60.2798,48.45,37,3,20.87,clear sky
127,Jamestown,US,2021-07-26 17:41:29,42.097,-79.2353,83.52,48,75,3.0,broken clouds
128,Hit,IQ,2021-07-26 17:45:55,33.6416,42.8251,106.54,14,0,8.79,clear sky
129,Dikson,RU,2021-07-26 17:45:25,73.5069,80.5464,41.56,91,92,4.61,overcast clouds
130,Bafoulabe,ML,2021-07-26 17:46:00,13.8065,-10.8321,93.16,48,70,5.79,broken clouds
131,Matay,EG,2021-07-26 17:46:01,28.419,30.7792,90.68,19,0,7.45,clear sky
132,Ancud,CL,2021-07-26 17:46:02,-41.8697,-73.8203,47.73,61,40,7.63,scattered clouds
133,Cabo San Lucas,MX,2021-07-26 17:45:12,22.8909,-109.9124,95.61,66,1,1.99,clear sky
134,Clyde River,CA,2021-07-26 17:41:10,70.4692,-68.5914,37.63,93,90,5.75,overcast clouds
135,Benjamin Constant,BR,2021-07-26 17:46:08,-4.3831,-70.0311,86.13,74,75,4.61,broken clouds
136,Tecoanapa,MX,2021-07-26 17:46:12,16.5167,-98.75,87.53,66,51,7.76,broken clouds
137,Upernavik,GL,2021-07-26 17:46:12,72.7868,-56.1549,45.81,63,100,4.59,overcast clouds
138,Aykhal,RU,2021-07-26 17:46:13,66.0,111.5,67.44,69,18,2.84,few clouds
139,Revelstoke,CA,2021-07-26 17:46:17,50.9832,-118.2023,71.62,53,90,0.0,haze
140,Borovoy,RU,2021-07-26 17:46:18,55.4333,86.0833,67.28,88,75,13.42,broken clouds
141,Port Blair,IN,2021-07-26 17:46:18,11.6667,92.75,82.08,86,100,20.6,overcast clouds
142,Bentiu,SS,2021-07-26 17:46:18,9.2333,29.8333,69.87,98,100,4.52,overcast clouds
143,Sorland,NO,2021-07-26 17:46:19,67.667,12.6934,55.47,90,22,14.63,few clouds
144,Nefteyugansk,RU,2021-07-26 17:46:20,61.0998,72.6035,55.65,64,100,7.49,overcast clouds
145,Ishigaki,JP,2021-07-26 17:46:20,24.3448,124.1572,83.21,87,99,4.83,overcast clouds
146,Libertador General San Martin,AR,2021-07-26 17:46:21,-23.8064,-64.7876,71.94,29,0,6.91,clear sky
147,Khani,GE,2021-07-26 17:46:21,41.9563,42.9566,65.77,96,56,2.19,broken clouds
148,Port Alfred,ZA,2021-07-26 17:46:22,-33.5906,26.891,65.55,36,100,10.8,overcast clouds
149,Nikolskoye,RU,2021-07-26 17:45:30,59.7035,30.7861,76.89,67,25,3.85,scattered clouds
150,Nishihara,JP,2021-07-26 17:45:54,26.1842,127.7558,81.68,95,90,11.5,overcast clouds
151,Cherskiy,RU,2021-07-26 17:46:23,68.75,161.3,39.51,74,1,8.61,clear sky
152,Anori,BR,2021-07-26 17:46:24,-3.7728,-61.6442,93.07,38,71,5.32,broken clouds
153,Ittiri,IT,2021-07-26 17:46:25,40.5929,8.5684,81.5,53,98,2.68,overcast clouds
154,Nelson Bay,AU,2021-07-26 17:46:26,-32.7167,152.15,54.95,90,24,13.35,few clouds
155,Kavieng,PG,2021-07-26 17:46:27,-2.5744,150.7967,80.53,77,9,5.57,light rain
156,Bandarbeyla,SO,2021-07-26 17:46:27,9.4942,50.8122,77.92,77,53,28.72,broken clouds
157,Urucara,BR,2021-07-26 17:46:28,-2.5364,-57.76,95.99,30,83,5.19,broken clouds
158,Pimentel,PE,2021-07-26 17:46:30,-6.8367,-79.9342,71.89,77,75,4.0,broken clouds
159,San Lorenzo,PY,2021-07-26 17:46:31,-25.3333,-57.5333,83.34,51,75,4.61,broken clouds
160,Vierzon,FR,2021-07-26 17:46:32,47.2101,2.0625,76.55,65,93,5.32,overcast clouds
161,Lebu,CL,2021-07-26 17:46:32,-37.6167,-73.65,49.68,64,11,16.89,few clouds
162,Kisangani,CD,2021-07-26 17:46:33,0.5167,25.2,82.51,43,89,2.66,overcast clouds
163,Viedma,AR,2021-07-26 17:46:33,-40.8135,-62.9967,47.43,41,45,26.75,scattered clouds
164,Stornoway,GB,2021-07-26 17:46:59,58.2093,-6.3865,62.92,88,75,5.75,broken clouds
165,Fare,PF,2021-07-26 17:47:00,-16.7,-151.0167,78.31,74,40,12.17,scattered clouds
166,Qeshm,IR,2021-07-26 17:47:04,26.9581,56.2719,96.67,70,1,9.19,clear sky
167,Portland,US,2021-07-26 17:44:07,45.5234,-122.6762,80.2,63,40,1.01,scattered clouds
168,Zhezkazgan,KZ,2021-07-26 17:47:09,47.8043,67.7144,74.07,26,5,15.08,clear sky
169,West Lafayette,US,2021-07-26 17:42:52,40.4259,-86.9081,87.06,45,1,4.61,clear sky
170,Ribeira Grande,PT,2021-07-26 17:45:31,38.5167,-28.7,79.2,61,20,16.11,few clouds
171,Bom Jardim,BR,2021-07-26 17:47:10,-7.7958,-35.5872,80.94,48,25,15.77,scattered clouds
172,Charters Towers,AU,2021-07-26 17:47:16,-20.1,146.2667,53.82,88,55,7.96,broken clouds
173,Balad,IQ,2021-07-26 17:47:16,34.0164,44.1453,105.85,13,0,10.96,clear sky
174,Hefei,CN,2021-07-26 17:47:17,31.8639,117.2808,78.82,94,90,11.18,light rain
175,Khandagayty,RU,2021-07-26 17:47:22,50.7333,92.05,60.67,71,69,4.03,broken clouds
176,Lakeway,US,2021-07-26 17:47:23,30.3638,-97.9796,96.87,53,1,1.01,clear sky
177,Myingyan,MM,2021-07-26 17:47:23,21.4667,95.3833,78.49,81,93,17.74,overcast clouds
178,Novovarshavka,RU,2021-07-26 17:47:24,54.1721,74.6946,56.71,56,0,12.53,clear sky
179,Majene,ID,2021-07-26 17:47:24,-3.5403,118.9707,77.14,81,96,11.72,overcast clouds
180,Chapais,CA,2021-07-26 17:47:25,49.7834,-74.8492,64.18,90,93,11.5,overcast clouds
181,Bokovskaya,RU,2021-07-26 17:47:25,49.229,41.8306,74.62,41,23,9.86,few clouds
182,Bethel,US,2021-07-26 17:47:27,41.3712,-73.414,89.4,56,1,1.99,clear sky
183,Songjianghe,CN,2021-07-26 17:47:27,42.1859,127.479,66.61,85,98,3.18,overcast clouds
184,Bredasdorp,ZA,2021-07-26 17:45:20,-34.5322,20.0403,60.12,41,52,9.22,broken clouds
185,Nabire,ID,2021-07-26 17:42:29,-3.3667,135.4833,75.34,91,65,3.42,broken clouds
186,Tiguib,PH,2021-07-26 17:47:28,9.8008,123.1352,79.57,87,100,7.72,overcast clouds
187,Linhares,BR,2021-07-26 17:47:33,-19.3911,-40.0722,79.54,47,60,6.04,broken clouds
188,Thompson,CA,2021-07-26 17:47:34,55.7435,-97.8558,64.56,36,20,5.75,few clouds
189,Coihaique,CL,2021-07-26 17:47:35,-45.5752,-72.0662,44.55,53,20,4.61,few clouds
190,Hauterive,FR,2021-07-26 17:47:35,46.0901,3.4459,75.96,71,43,4.5,scattered clouds
191,Alta Floresta,BR,2021-07-26 17:47:36,-9.8756,-56.0861,96.62,26,0,5.75,clear sky
192,Aksu,CN,2021-07-26 17:47:36,41.1231,80.2644,89.4,19,0,4.41,clear sky
193,Palauig,PH,2021-07-26 17:47:37,15.435,119.9045,81.7,86,100,14.09,overcast clouds
194,Caucaia,BR,2021-07-26 17:47:37,-3.7361,-38.6531,87.75,60,20,21.85,few clouds
195,Hamilton,US,2021-07-26 17:45:30,39.1834,-84.5333,91.09,51,40,1.01,scattered clouds
196,Ixtapa,MX,2021-07-26 17:47:38,20.7,-105.2,88.23,83,75,4.61,broken clouds
197,Devils Lake,US,2021-07-26 17:47:05,48.1128,-98.8651,84.31,57,1,11.5,clear sky
198,Srednekolymsk,RU,2021-07-26 17:47:39,67.45,153.6833,39.92,78,67,8.7,broken clouds
199,Sinegorye,RU,2021-07-26 17:47:39,62.0788,150.477,45.64,96,100,2.82,light rain
200,Belaya Gora,RU,2021-07-26 17:47:39,68.5333,146.4167,47.89,56,100,9.78,overcast clouds
201,Payo,ID,2021-07-26 17:47:40,-3.7508,103.6372,69.03,85,36,2.64,scattered clouds
202,Kinablangan,PH,2021-07-26 17:47:40,7.6947,126.5503,80.31,73,100,5.7,overcast clouds
203,Varhaug,NO,2021-07-26 17:47:41,58.6147,5.6457,72.86,87,90,10.6,overcast clouds
204,Florianopolis,BR,2021-07-26 17:45:13,-27.6146,-48.5012,81.25,57,0,13.8,clear sky
205,Qaqortoq,GL,2021-07-26 17:47:42,60.7167,-46.0333,66.7,61,57,4.32,broken clouds
206,Chumphon,TH,2021-07-26 17:47:43,10.3333,98.8333,74.75,92,100,7.07,overcast clouds
207,Sao Filipe,CV,2021-07-26 17:47:44,14.8961,-24.4956,75.78,78,71,7.4,broken clouds
208,San Patricio,US,2021-07-26 17:47:44,28.017,-97.5169,93.29,40,57,4.52,broken clouds
209,Namibe,AO,2021-07-26 17:47:45,-15.1961,12.1522,68.61,77,1,3.83,clear sky
210,Nicoya,CR,2021-07-26 17:47:45,10.1483,-85.452,87.35,70,100,4.41,overcast clouds
211,Taos,US,2021-07-26 17:47:45,36.4072,-105.5731,79.56,49,20,7.0,few clouds
212,Caborca,MX,2021-07-26 17:47:46,30.5838,-111.101,82.49,39,34,1.72,scattered clouds
213,Okhotsk,RU,2021-07-26 17:47:46,59.3833,143.3,57.27,91,54,7.54,broken clouds
214,Longyearbyen,SJ,2021-07-26 17:46:43,78.2186,15.6401,44.44,76,75,10.36,broken clouds
215,Bukoba,TZ,2021-07-26 17:47:47,-1.3317,31.8122,69.96,57,26,8.34,scattered clouds
216,Formosa,AR,2021-07-26 17:47:47,-26.1775,-58.1781,67.98,73,90,12.66,smoke
217,Kahului,US,2021-07-26 17:47:48,20.8947,-156.47,79.84,87,40,20.71,scattered clouds
218,Changying,CN,2021-07-26 17:47:48,52.8733,123.3213,57.7,97,71,2.42,broken clouds
219,Altamira,BR,2021-07-26 17:47:49,-3.2033,-52.2064,93.29,43,40,4.61,scattered clouds
220,Luderitz,NA,2021-07-26 17:47:49,-26.6481,15.1594,67.35,46,1,9.13,clear sky
221,Broken Hill,AU,2021-07-26 17:47:53,-31.95,141.4333,55.11,41,47,13.8,scattered clouds
222,Leningradskiy,RU,2021-07-26 17:46:02,69.3833,178.4167,38.34,88,95,2.51,overcast clouds
223,Komsomolskiy,UZ,2021-07-26 17:43:25,40.4272,71.7189,89.02,30,0,4.61,clear sky
224,Shestakovo,RU,2021-07-26 17:47:54,56.4915,103.96,63.12,64,2,3.24,clear sky
225,Diplo,PK,2021-07-26 17:47:55,24.4667,69.584,84.09,78,90,21.83,overcast clouds
226,Kamphaeng Phet,TH,2021-07-26 17:47:55,16.25,99.5,74.89,91,100,1.12,overcast clouds
227,Cidreira,BR,2021-07-26 17:47:55,-30.1811,-50.2056,63.59,91,99,5.93,light rain
228,Riverton,US,2021-07-26 17:47:56,40.5219,-111.9391,94.51,28,1,7.0,clear sky
229,Pangnirtung,CA,2021-07-26 17:47:56,66.1451,-65.7125,51.8,100,90,5.75,light rain
230,Souris,CA,2021-07-26 17:47:57,49.6172,-100.2612,75.06,22,14,9.31,few clouds
231,Maunabo,PR,2021-07-26 17:48:01,18.0072,-65.8993,89.65,80,100,15.12,overcast clouds
232,Nuuk,GL,2021-07-26 17:48:01,64.1835,-51.7216,56.01,67,40,6.91,scattered clouds
233,Torbay,CA,2021-07-26 17:44:35,47.6666,-52.7314,67.75,79,75,9.22,broken clouds
234,Stuttgart,DE,2021-07-26 17:44:09,48.7823,9.177,72.03,87,20,3.44,few clouds
235,Skjervoy,NO,2021-07-26 17:48:02,70.0311,20.9714,55.4,94,51,5.91,broken clouds
236,Kamaishi,JP,2021-07-26 17:48:03,39.2667,141.8833,70.84,94,96,15.35,overcast clouds
237,Ostrovnoy,RU,2021-07-26 17:48:04,68.0531,39.5131,46.31,88,100,23.24,overcast clouds
238,Zhangye,CN,2021-07-26 17:45:55,38.9342,100.4517,76.69,29,95,7.34,overcast clouds
239,Ampanihy,MG,2021-07-26 17:48:04,-24.7,44.75,62.06,67,57,15.32,broken clouds
240,Khatanga,RU,2021-07-26 17:48:05,71.9667,102.5,58.64,69,74,12.06,broken clouds
241,Chumikan,RU,2021-07-26 17:48:05,54.7183,135.315,61.3,81,99,3.83,overcast clouds
242,Petropavlovsk-Kamchatskiy,RU,2021-07-26 17:45:31,53.0452,158.6483,70.39,83,40,6.71,scattered clouds
243,Cacequi,BR,2021-07-26 17:48:07,-29.8836,-54.825,67.66,87,100,6.24,moderate rain
244,Deputatskiy,RU,2021-07-26 17:48:07,69.3,139.9,46.06,86,100,4.65,overcast clouds
245,Laguna,US,2021-07-26 17:48:08,38.421,-121.4238,88.3,63,1,9.22,clear sky
246,Jasper,US,2021-07-26 17:47:01,37.2001,-94.3502,90.88,67,1,1.01,clear sky
247,Borogontsy,RU,2021-07-26 17:48:09,62.6683,131.1683,64.56,76,11,6.26,few clouds
248,Natal,BR,2021-07-26 17:48:09,-5.795,-35.2094,84.85,61,40,20.71,scattered clouds
249,Mazyr,BY,2021-07-26 17:48:10,52.0495,29.2456,71.02,57,51,6.29,broken clouds
250,Humboldt,US,2021-07-26 17:48:10,40.6665,-123.9178,70.59,39,100,4.14,overcast clouds
251,Cookeville,US,2021-07-26 17:47:36,36.1628,-85.5016,89.31,67,75,3.0,broken clouds
252,Grand Gaube,MU,2021-07-26 17:48:11,-20.0064,57.6608,68.4,83,3,3.0,light rain
253,Hailar,CN,2021-07-26 17:48:11,49.2,119.7,58.75,92,96,3.76,light rain
254,Macapa,BR,2021-07-26 17:48:12,0.0389,-51.0664,91.38,58,75,4.61,broken clouds
255,Sao Joao Da Barra,BR,2021-07-26 17:45:52,-21.6403,-41.0511,80.69,68,0,16.89,clear sky
256,Novosheshminsk,RU,2021-07-26 17:48:13,55.0651,51.2338,59.65,60,57,6.82,broken clouds
257,Gushikawa,JP,2021-07-26 17:48:18,26.3544,127.8686,81.63,92,75,13.8,broken clouds
258,Mayumba,GA,2021-07-26 17:48:08,-3.432,10.6554,71.98,88,97,7.45,overcast clouds
259,Kadirli,TR,2021-07-26 17:48:19,37.3739,36.0961,82.0,72,2,2.68,clear sky
260,Batemans Bay,AU,2021-07-26 17:48:19,-35.7167,150.1833,55.2,62,98,8.28,overcast clouds
261,Shihezi,CN,2021-07-26 17:48:20,44.3,86.0333,86.54,19,1,7.38,clear sky
262,Qrendi,MT,2021-07-26 17:48:20,35.8347,14.4583,82.11,74,0,11.5,clear sky
263,Changde,CN,2021-07-26 17:48:21,29.0464,111.6783,78.21,82,1,4.43,clear sky
264,Kuito,AO,2021-07-26 17:48:21,-12.3833,16.9333,57.16,31,96,2.37,overcast clouds
265,Kavaratti,IN,2021-07-26 17:43:45,10.5669,72.642,81.46,80,100,17.58,overcast clouds
266,Agria,HU,2021-07-26 17:48:22,47.9026,20.3733,81.72,50,28,2.62,scattered clouds
267,Tura,IN,2021-07-26 17:48:23,25.5198,90.2201,76.78,93,100,2.91,overcast clouds
268,Ennis,IE,2021-07-26 17:48:23,52.8436,-8.9864,64.06,94,75,4.61,broken clouds
269,Jalu,LY,2021-07-26 17:47:30,29.0331,21.5482,90.18,23,0,8.77,clear sky
270,Goderich,CA,2021-07-26 17:48:24,43.7501,-81.7165,83.03,69,0,5.75,clear sky
271,Saint-Philippe,RE,2021-07-26 17:45:32,-21.3585,55.7679,67.59,80,62,11.77,light rain
272,Karaton,ID,2021-07-26 17:48:25,-6.3424,106.1045,78.96,90,21,0.96,few clouds
273,Oranjestad,AW,2021-07-26 17:44:37,12.524,-70.027,89.55,62,20,16.11,few clouds
274,Boyolangu,ID,2021-07-26 17:48:25,-8.1181,111.8935,71.87,89,71,1.39,broken clouds
275,Walla Walla,US,2021-07-26 17:46:34,46.0646,-118.343,86.9,37,1,11.01,smoke
276,Hambantota,LK,2021-07-26 17:47:02,6.1241,81.1185,80.94,81,95,19.48,overcast clouds
277,Saint George,US,2021-07-26 17:44:14,37.1041,-113.5841,89.8,51,1,4.0,clear sky
278,Guanica,PR,2021-07-26 17:48:27,17.9716,-66.908,90.25,76,88,11.99,overcast clouds
279,Santa Isabel Do Rio Negro,BR,2021-07-26 17:48:27,-0.4139,-65.0192,86.41,64,87,3.29,light rain
280,Magdiwang,PH,2021-07-26 17:48:28,12.491,122.5135,82.89,83,86,22.7,overcast clouds
281,Coquimbo,CL,2021-07-26 17:48:28,-29.9533,-71.3436,60.53,67,0,12.66,clear sky
282,Aksarka,RU,2021-07-26 17:46:59,66.5606,67.7975,53.1,70,90,3.18,overcast clouds
283,Dingle,PH,2021-07-26 17:48:29,10.9995,122.6711,79.36,85,100,11.27,overcast clouds
284,Geraldton,AU,2021-07-26 17:48:29,-28.7667,114.6,65.12,68,90,26.46,overcast clouds
285,Kheri,IN,2021-07-26 17:48:35,27.9,80.8,83.55,83,100,4.23,light rain
286,Tarakan,ID,2021-07-26 17:48:36,3.3,117.6333,80.94,81,26,8.05,light rain
287,Vostok,RU,2021-07-26 17:48:36,46.4856,135.8833,69.12,92,97,3.67,overcast clouds
288,Moroni,KM,2021-07-26 17:48:37,-11.7022,43.2551,73.98,75,18,14.74,few clouds
289,Brae,GB,2021-07-26 17:48:41,60.3964,-1.353,58.91,90,95,15.41,overcast clouds
290,Nyurba,RU,2021-07-26 17:48:41,63.2842,118.3319,67.37,65,33,3.67,scattered clouds
291,Oda,JP,2021-07-26 17:48:41,35.1833,132.5,74.37,85,0,3.8,clear sky
292,Yidu,CN,2021-07-26 17:48:42,24.1614,115.1328,83.48,72,100,2.42,overcast clouds
293,Krabi,TH,2021-07-26 17:47:08,8.0726,98.9105,87.98,89,20,2.3,few clouds
294,Harper,LR,2021-07-26 17:48:43,4.375,-7.7169,77.49,75,79,11.77,broken clouds
295,Caucasia,CO,2021-07-26 17:48:43,7.9865,-75.1935,88.09,59,53,4.14,broken clouds
296,Te Anau,NZ,2021-07-26 17:48:43,-45.4167,167.7167,38.61,90,89,2.17,overcast clouds
297,Gat,IL,2021-07-26 17:48:44,31.61,34.7642,83.8,72,0,8.95,clear sky
298,Mayor Pablo Lagerenza,PY,2021-07-26 17:48:44,-19.9309,-60.7718,98.55,18,79,15.64,broken clouds
299,Shimoda,JP,2021-07-26 17:48:45,34.6667,138.95,76.1,86,97,6.93,overcast clouds
300,Formosa Do Rio Preto,BR,2021-07-26 17:48:49,-11.0483,-45.1931,88.66,21,49,6.96,scattered clouds
301,Enshi,CN,2021-07-26 17:48:49,30.3,109.4833,72.36,94,2,0.74,clear sky
302,Coahuayana,MX,2021-07-26 17:48:50,18.7333,-103.6833,91.65,57,59,4.63,broken clouds
303,Pevek,RU,2021-07-26 17:49:12,69.7008,170.3133,35.96,88,84,11.18,broken clouds
304,Poum,NC,2021-07-26 17:49:12,-20.2333,164.0167,69.91,70,87,12.37,overcast clouds
305,Brigantine,US,2021-07-26 17:49:13,39.4101,-74.3646,90.32,75,1,6.91,clear sky
306,Shieli,KZ,2021-07-26 17:49:14,44.1667,66.75,85.26,20,0,17.94,clear sky
307,Xiongzhou,CN,2021-07-26 17:49:14,25.1167,114.3,80.8,76,92,2.91,overcast clouds
308,Trogir,HR,2021-07-26 17:49:15,43.5125,16.2517,85.78,45,0,2.3,clear sky
309,Vinh,VN,2021-07-26 17:49:16,18.6667,105.6667,81.01,78,63,6.29,broken clouds
310,Georgetown,MY,2021-07-26 17:45:15,5.4112,100.3354,84.88,85,20,1.99,few clouds
311,Waddan,LY,2021-07-26 17:49:16,29.1614,16.139,90.48,20,0,11.99,clear sky
312,Beyneu,KZ,2021-07-26 17:49:17,45.3167,55.2,86.81,19,1,11.7,clear sky
313,Constitucion,CL,2021-07-26 17:47:41,-35.3333,-72.4167,54.88,65,29,10.74,scattered clouds
314,Tolaga Bay,NZ,2021-07-26 17:49:19,-38.3667,178.3,51.98,84,100,6.29,overcast clouds
315,Palu,ID,2021-07-26 17:49:19,-0.8917,119.8707,75.07,93,40,3.04,scattered clouds
316,Port Hedland,AU,2021-07-26 17:49:20,-20.3167,118.5667,62.65,94,40,5.75,scattered clouds
317,Tete,MZ,2021-07-26 17:49:20,-16.1564,33.5867,69.89,64,75,11.5,broken clouds
318,Ronneby,SE,2021-07-26 17:49:24,56.21,15.276,75.7,73,75,10.36,broken clouds
319,Tokur,RU,2021-07-26 17:49:25,53.1333,132.9,59.05,97,100,2.06,overcast clouds
320,Socuellamos,ES,2021-07-26 17:49:31,39.2858,-2.7921,82.38,25,22,7.38,few clouds
321,Slave Lake,CA,2021-07-26 17:49:31,55.2834,-114.769,66.18,59,1,8.05,clear sky
322,Carnarvon,AU,2021-07-26 17:45:23,-24.8667,113.6333,68.07,84,90,16.11,overcast clouds
323,Crewe,GB,2021-07-26 17:49:32,53.0979,-2.4416,77.0,66,71,7.0,broken clouds
324,Wattegama,LK,2021-07-26 17:49:32,6.7989,81.4808,78.8,73,97,9.46,overcast clouds
325,Bud,US,2021-07-26 17:49:33,39.447,-86.1758,89.92,46,0,5.82,clear sky
326,Jaciara,BR,2021-07-26 17:49:33,-15.9653,-54.9683,95.97,18,0,3.09,clear sky
327,College,US,2021-07-26 17:49:34,64.8569,-147.8028,63.66,75,75,3.44,broken clouds
328,Preobrazheniye,RU,2021-07-26 17:49:34,42.9019,133.9064,72.07,94,53,3.53,broken clouds
329,Umm Lajj,SA,2021-07-26 17:49:35,25.0213,37.2685,89.74,45,1,9.31,clear sky
330,Bilma,NE,2021-07-26 17:49:35,18.6853,12.9164,93.42,35,89,6.44,overcast clouds
331,Maningrida,AU,2021-07-26 17:49:36,-12.0667,134.2667,63.32,91,45,7.58,scattered clouds
332,Georgiyevka,KZ,2021-07-26 17:49:37,43.0369,74.7114,80.64,36,0,8.95,clear sky
333,Malindi,KE,2021-07-26 17:49:37,-3.2175,40.1191,75.43,75,34,20.49,scattered clouds
334,Nioro,GM,2021-07-26 17:49:38,13.35,-15.75,87.91,55,88,9.57,overcast clouds
335,Chifeng,CN,2021-07-26 17:49:44,42.2683,118.9636,74.03,72,100,7.49,overcast clouds
336,Stepnyak,KZ,2021-07-26 17:49:45,52.8339,70.7803,55.81,55,2,9.86,clear sky
337,Kaitangata,NZ,2021-07-26 17:49:46,-46.2817,169.8464,48.92,69,100,8.61,overcast clouds
338,Tiksi,RU,2021-07-26 17:49:47,71.6872,128.8694,38.59,90,99,11.23,overcast clouds
339,Dakar,SN,2021-07-26 17:47:36,14.6937,-17.4441,88.68,66,40,11.5,scattered clouds
340,Narsaq,GL,2021-07-26 17:49:48,60.9167,-46.05,66.42,50,44,3.56,scattered clouds
341,Forestville,US,2021-07-26 17:49:48,38.8451,-76.875,93.45,52,75,3.44,broken clouds
342,Port Augusta,AU,2021-07-26 17:49:49,-32.5,137.7667,55.71,49,79,15.95,broken clouds
343,Naze,JP,2021-07-26 17:45:52,28.3667,129.4833,77.13,86,100,11.97,overcast clouds
344,Beira,MZ,2021-07-26 17:49:50,-19.8436,34.8389,69.89,64,20,9.22,few clouds
345,Khasan,RU,2021-07-26 17:49:50,42.4308,130.6434,71.71,92,61,2.93,broken clouds
346,Faanui,PF,2021-07-26 17:49:51,-16.4833,-151.75,78.58,72,54,13.56,broken clouds
347,Marau,BR,2021-07-26 17:49:52,-28.4492,-52.2,70.9,60,100,7.25,overcast clouds
348,Chimbote,PE,2021-07-26 17:49:52,-9.0853,-78.5783,69.37,74,63,12.46,broken clouds
349,Cabedelo,BR,2021-07-26 17:49:53,-6.9811,-34.8339,83.07,72,1,14.47,clear sky
350,Gunnedah,AU,2021-07-26 17:49:57,-30.9833,150.25,39.72,90,14,1.99,few clouds
351,Pitea,SE,2021-07-26 17:49:58,65.3172,21.4794,69.89,81,48,3.47,scattered clouds
352,Marabba,SD,2021-07-26 17:49:59,12.35,32.1833,71.92,84,99,14.74,overcast clouds
353,Davila,PH,2021-07-26 17:50:00,18.4726,120.5763,81.64,85,83,25.37,light rain
354,Pascagoula,US,2021-07-26 17:50:01,30.3658,-88.5561,94.41,59,20,3.44,few clouds
355,Henties Bay,NA,2021-07-26 17:50:03,-22.116,14.2845,63.7,69,0,7.47,clear sky
356,Husavik,IS,2021-07-26 17:50:24,66.0449,-17.3389,57.11,59,94,4.76,overcast clouds
357,Batagay-Alyta,RU,2021-07-26 17:50:25,67.8006,130.4114,53.28,81,49,5.21,scattered clouds
358,Langsa,ID,2021-07-26 17:50:25,4.4683,97.9683,75.54,97,100,2.73,overcast clouds
359,Mehran,IR,2021-07-26 17:50:26,33.1222,46.1646,108.88,10,0,17.52,clear sky
360,Mana,GF,2021-07-26 17:50:26,5.6592,-53.7767,82.17,78,50,8.12,scattered clouds
361,Brande,DK,2021-07-26 17:47:37,55.9381,9.1218,72.86,80,89,5.06,overcast clouds
362,Save,BJ,2021-07-26 17:50:27,8.0425,2.486,79.34,68,97,9.35,overcast clouds
363,Longido,TZ,2021-07-26 17:50:28,-2.7333,36.6833,67.24,41,62,13.71,broken clouds
364,Calderitas,MX,2021-07-26 17:50:28,18.55,-88.25,85.59,64,12,7.63,few clouds
365,Arman,RU,2021-07-26 17:50:29,59.7,150.1667,55.78,93,100,4.5,overcast clouds
366,Faya,SA,2021-07-26 17:50:29,18.3851,42.4509,69.91,60,95,3.85,overcast clouds
367,Hovd,MN,2021-07-26 17:50:30,48.0056,91.6419,63.64,69,91,1.99,overcast clouds
368,Vardo,NO,2021-07-26 17:50:31,70.3705,31.1107,50.2,93,40,17.27,scattered clouds
369,Paengaroa,NZ,2021-07-26 17:50:35,-37.8167,176.4167,52.92,100,53,1.01,broken clouds
370,Abilene,US,2021-07-26 17:50:36,32.4487,-99.7331,95.49,38,1,3.44,clear sky
371,Howard Springs,AU,2021-07-26 17:50:36,-12.497,131.047,73.31,94,96,2.91,overcast clouds
372,Iwanai,JP,2021-07-26 17:50:37,42.9744,140.5089,66.33,71,59,4.94,broken clouds
373,Berlevag,NO,2021-07-26 17:50:37,70.8578,29.0864,46.71,87,66,7.0,broken clouds
374,Uniontown,US,2021-07-26 17:50:38,39.9001,-79.7164,90.55,40,59,4.0,broken clouds
375,Plainview,US,2021-07-26 17:50:38,40.7765,-73.4673,92.07,53,1,1.01,clear sky
376,Road Town,VG,2021-07-26 17:50:27,18.4167,-64.6167,86.04,70,20,14.97,few clouds
377,Piranhas,BR,2021-07-26 17:50:39,-16.4269,-51.8222,91.27,17,0,6.02,clear sky
378,Takoradi,GH,2021-07-26 17:50:39,4.8845,-1.7554,77.23,75,78,11.07,broken clouds
379,Tilichiki,RU,2021-07-26 17:50:40,60.4667,166.1,51.96,99,100,6.08,moderate rain
380,Lompoc,US,2021-07-26 17:45:47,34.6391,-120.4579,76.69,78,75,0.0,broken clouds
381,Adrar,MR,2021-07-26 17:50:40,20.5022,-10.0711,110.61,4,1,6.13,clear sky
382,Odienne,CI,2021-07-26 17:50:41,9.51,-7.5692,77.25,90,65,3.65,light rain
383,Maniwaki,CA,2021-07-26 17:48:33,46.3834,-75.966,77.38,53,29,10.36,scattered clouds
384,Magan,ES,2021-07-26 17:50:42,39.9683,-3.931,90.12,22,1,1.36,clear sky
385,Mnogovershinnyy,RU,2021-07-26 17:50:42,53.9353,139.9242,62.17,98,100,3.69,overcast clouds
386,Bria,CF,2021-07-26 17:50:43,6.5423,21.9863,68.34,97,100,1.99,overcast clouds
387,Kendari,ID,2021-07-26 17:50:43,-3.945,122.4989,70.74,90,14,2.46,few clouds
388,Pisco,PE,2021-07-26 17:50:44,-13.7,-76.2167,69.03,73,0,8.05,clear sky
389,Leo,BF,2021-07-26 17:50:44,11.1,-2.1,85.01,54,98,9.57,overcast clouds
390,Lyuban,BY,2021-07-26 17:50:45,52.7985,28.0048,70.7,65,35,8.97,scattered clouds
391,Moree,AU,2021-07-26 17:50:45,-29.4667,149.85,41.02,93,0,9.22,clear sky
392,Sungaipenuh,ID,2021-07-26 17:50:49,-2.0833,101.3833,62.19,92,51,2.75,broken clouds
393,Huntingdon,GB,2021-07-26 17:49:37,52.3305,-0.1865,77.02,57,94,1.34,overcast clouds
394,Comodoro Rivadavia,AR,2021-07-26 17:50:50,-45.8667,-67.5,48.06,43,0,14.97,clear sky
395,Russkaya Polyana,UA,2021-07-26 17:50:50,49.417,31.9201,73.8,51,63,5.26,broken clouds
396,Jacareacanga,BR,2021-07-26 17:50:51,-6.2222,-57.7528,97.11,38,0,8.05,clear sky
397,Ola,RU,2021-07-26 17:50:51,59.5833,151.2833,53.65,98,100,1.92,light rain
398,Manitouwadge,CA,2021-07-26 17:50:52,49.1215,-85.8403,71.38,39,83,10.02,broken clouds
399,Port Perry,CA,2021-07-26 17:50:52,44.1068,-78.9444,87.19,36,3,11.59,clear sky
400,Axim,GH,2021-07-26 17:50:53,4.8699,-2.2405,77.43,74,87,9.93,overcast clouds
401,Barstow,US,2021-07-26 17:50:53,34.8986,-117.0228,80.76,55,91,1.48,light rain
402,Bambous Virieux,MU,2021-07-26 17:50:54,-20.3428,57.7575,68.25,94,40,9.22,light rain
403,Carroll,US,2021-07-26 17:50:54,39.5501,-77.0164,90.88,60,1,1.01,clear sky
404,Ambatofinandrahana,MG,2021-07-26 17:50:56,-20.55,46.8,47.68,90,31,6.6,scattered clouds
405,Salamanca,ES,2021-07-26 17:50:56,40.8333,-6.0,83.98,23,0,5.77,clear sky
406,Iqaluit,CA,2021-07-26 17:50:57,63.7506,-68.5145,47.93,87,75,5.99,fog
407,Helong,CN,2021-07-26 17:50:57,42.5397,128.9972,68.38,94,36,1.25,scattered clouds
408,Richards Bay,ZA,2021-07-26 17:50:58,-28.783,32.0377,64.0,60,5,14.34,clear sky
409,Dalvik,IS,2021-07-26 17:50:58,65.9702,-18.5286,57.13,66,80,5.26,broken clouds
410,Yarensk,RU,2021-07-26 17:50:59,62.1675,49.0916,48.9,97,69,5.14,broken clouds
411,Pakxan,LA,2021-07-26 17:50:59,18.3778,103.6601,75.36,96,98,2.15,overcast clouds
412,Ulaanbaatar,MN,2021-07-26 17:51:00,47.9077,106.8832,60.93,67,40,2.24,scattered clouds
413,Ringebu,NO,2021-07-26 17:51:00,61.5167,10.1667,71.65,54,76,6.35,broken clouds
414,Clarksburg,US,2021-07-26 17:51:01,39.2807,-80.3445,91.51,67,20,5.75,light rain
415,Teya,RU,2021-07-26 17:51:01,60.3778,92.6267,72.46,57,58,3.44,broken clouds
416,Rasulabad,IN,2021-07-26 17:51:02,26.75,80.4833,84.15,73,100,5.14,overcast clouds
417,Capreol,CA,2021-07-26 17:51:03,46.706,-80.9225,77.92,58,20,4.0,few clouds
418,Luganville,VU,2021-07-26 17:51:07,-15.5333,167.1667,77.22,87,53,10.04,broken clouds
419,Sambava,MG,2021-07-26 17:51:08,-14.2667,50.1667,70.23,79,100,13.49,overcast clouds
420,Altea,ES,2021-07-26 17:51:08,38.5989,-0.0514,81.66,75,55,10.56,broken clouds
421,Zheleznodorozhnyy,RU,2021-07-26 17:51:09,55.7503,38.0042,75.72,51,82,0.78,broken clouds
422,Aksha,RU,2021-07-26 17:51:09,50.2814,113.2867,52.97,94,28,2.84,scattered clouds
423,Maidens,GB,2021-07-26 17:51:10,55.3338,-4.8147,70.52,82,100,5.48,overcast clouds
424,Trelew,AR,2021-07-26 17:51:15,-43.249,-65.3051,47.43,33,5,27.72,clear sky
425,Alice Springs,AU,2021-07-26 17:51:15,-23.7,133.8833,62.15,23,39,12.66,scattered clouds
426,Manokwari,ID,2021-07-26 17:51:16,-0.8667,134.0833,78.37,76,41,3.36,scattered clouds
427,Ranfurly,NZ,2021-07-26 17:51:16,-45.1333,170.1,39.65,94,100,3.0,moderate rain
428,Hargeysa,SO,2021-07-26 17:51:17,9.56,44.065,70.38,51,78,24.65,broken clouds
429,Shache,CN,2021-07-26 17:51:17,38.4167,77.2406,89.58,22,0,5.64,clear sky
430,Scarborough,GB,2021-07-26 17:48:45,54.2797,-0.4044,78.46,74,36,1.01,scattered clouds
431,Bose,IT,2021-07-26 17:51:18,45.4612,8.0137,78.75,81,16,2.55,few clouds
432,Tutoia,BR,2021-07-26 17:51:19,-2.7619,-42.2744,87.78,61,32,10.83,scattered clouds
433,Mwinilunga,ZM,2021-07-26 17:51:19,-11.7358,24.4293,57.24,40,100,5.23,overcast clouds
434,Odweyne,SO,2021-07-26 17:51:20,9.4092,45.064,74.75,41,88,18.88,overcast clouds
435,Waipawa,NZ,2021-07-26 17:51:20,-41.4122,175.5153,52.03,83,87,15.43,moderate rain
436,Rotenburg,DE,2021-07-26 17:51:20,53.1167,9.4,78.69,80,58,6.55,broken clouds
437,General Roca,AR,2021-07-26 17:51:21,-39.0333,-67.5833,50.4,27,1,14.2,clear sky
438,Ouadda,CF,2021-07-26 17:51:21,8.0777,22.4007,67.06,99,100,2.39,overcast clouds
439,Quinchia,CO,2021-07-26 17:51:22,5.3396,-75.7302,68.22,65,62,2.26,broken clouds
440,Sendafa,ET,2021-07-26 17:51:22,9.15,39.0333,53.33,96,99,5.53,light rain
441,Taltal,CL,2021-07-26 17:51:23,-25.4,-70.4833,62.17,65,2,6.33,clear sky
442,Mwanza,TZ,2021-07-26 17:51:23,-2.5167,32.9,73.26,40,100,6.42,overcast clouds
443,Tahoua,NE,2021-07-26 17:51:24,14.8888,5.2692,91.38,46,20,0.0,thunderstorm
444,Saint-Georges,GD,2021-07-26 17:51:24,12.0564,-61.7485,80.28,89,75,6.91,broken clouds
445,Bathsheba,BB,2021-07-26 17:51:24,13.2167,-59.5167,86.61,70,40,16.11,scattered clouds
446,Bodaybo,RU,2021-07-26 17:51:25,57.8506,114.1933,58.46,74,2,2.71,clear sky
447,Hervey Bay,AU,2021-07-26 17:51:26,-25.2986,152.8535,50.04,75,23,4.68,few clouds
448,Biak,ID,2021-07-26 17:51:26,-0.9131,122.8766,72.66,73,36,6.73,scattered clouds
449,Perth,AU,2021-07-26 17:48:26,-31.9333,115.8333,64.09,72,75,18.41,broken clouds
450,Maceio,BR,2021-07-26 17:51:28,-9.6658,-35.7353,83.64,61,40,14.97,scattered clouds
451,Norwich,GB,2021-07-26 17:51:32,52.6278,1.2983,75.15,69,20,1.01,few clouds
452,Najran,SA,2021-07-26 17:51:32,17.4924,44.1277,93.85,25,74,13.15,broken clouds
453,Thinadhoo,MV,2021-07-26 17:51:32,0.5333,72.9333,81.37,75,99,6.69,moderate rain
454,Singkawang,ID,2021-07-26 17:51:33,0.9,109.0,77.47,92,37,4.09,scattered clouds
455,Camopi,GF,2021-07-26 17:51:37,3.1655,-52.3158,85.23,63,68,4.54,broken clouds
456,Wilhelmshaven,DE,2021-07-26 17:51:37,53.5167,8.1333,77.22,84,55,8.52,broken clouds
457,Lukiv,UA,2021-07-26 17:51:38,51.0521,25.4006,73.26,71,92,11.5,overcast clouds
458,Northam,GB,2021-07-26 17:51:38,51.0333,-4.2167,71.35,91,100,8.77,overcast clouds
459,Meulaboh,ID,2021-07-26 17:50:27,4.1363,96.1285,78.33,85,89,4.59,overcast clouds
460,Zakharovo,RU,2021-07-26 17:51:39,54.366,39.2792,66.4,55,67,2.66,broken clouds
461,Tshikapa,CD,2021-07-26 17:51:40,-6.4167,20.8,77.09,25,85,4.12,overcast clouds
462,Bafra,TR,2021-07-26 17:51:40,41.5678,35.9069,74.35,81,44,12.41,scattered clouds
463,Inuvik,CA,2021-07-26 17:48:13,68.3499,-133.7218,57.24,91,75,2.3,broken clouds
464,Manoel Urbano,BR,2021-07-26 17:51:41,-8.8389,-69.2597,96.87,32,13,3.04,few clouds
465,Matara,LK,2021-07-26 17:51:41,5.9485,80.5353,79.72,86,82,12.91,broken clouds
466,Marsa Matruh,EG,2021-07-26 17:51:42,31.3525,27.2453,80.8,69,40,11.5,scattered clouds
467,Lorengau,PG,2021-07-26 17:50:40,-2.0226,147.2712,80.89,76,46,2.95,scattered clouds
468,Penzance,GB,2021-07-26 17:51:43,50.1186,-5.5371,65.41,100,40,10.36,mist
469,Nakasongola,UG,2021-07-26 17:51:43,1.3089,32.4564,71.71,51,91,7.34,overcast clouds
470,Nisia Floresta,BR,2021-07-26 17:51:44,-6.0911,-35.2086,85.01,57,14,14.65,few clouds
471,Namtsy,RU,2021-07-26 17:48:12,62.7161,129.6658,71.71,62,14,9.22,few clouds
472,Moose Factory,CA,2021-07-26 17:51:45,51.2585,-80.6094,59.0,67,75,9.22,broken clouds
473,Dongsheng,CN,2021-07-26 17:51:45,39.8161,109.9776,67.59,62,1,5.48,clear sky
474,Longview,US,2021-07-26 17:51:29,32.5007,-94.7405,95.56,58,20,1.01,few clouds
475,Bengkulu,ID,2021-07-26 17:47:57,-3.8004,102.2655,74.41,76,43,4.43,scattered clouds
476,Oriximina,BR,2021-07-26 17:51:46,-1.7656,-55.8661,93.2,35,72,8.28,broken clouds
477,Linqu,CN,2021-07-26 17:51:46,36.5156,118.5397,75.52,98,95,3.85,light rain
478,Cootamundra,AU,2021-07-26 17:51:47,-34.65,148.0333,41.95,94,86,6.29,overcast clouds
479,Lulea,SE,2021-07-26 17:51:47,65.5842,22.1547,69.87,68,0,4.61,clear sky
480,Radom,PL,2021-07-26 17:51:48,51.4025,21.1471,78.28,61,46,1.01,scattered clouds
481,Mutoko,ZW,2021-07-26 17:51:48,-17.397,32.2268,48.97,78,66,4.72,broken clouds
482,Bambanglipuro,ID,2021-07-26 17:51:49,-7.95,110.2833,74.53,85,82,4.38,broken clouds
483,Cururupu,BR,2021-07-26 17:51:49,-1.8283,-44.8683,83.88,67,52,5.44,broken clouds
484,Korla,CN,2021-07-26 17:51:50,41.7597,86.1469,84.34,29,1,16.26,clear sky
485,Omsukchan,RU,2021-07-26 17:51:51,62.5333,155.8,48.0,95,100,6.08,light rain
486,Mayya,RU,2021-07-26 17:51:51,61.7333,130.2811,70.92,79,1,4.9,clear sky
487,Mtsamboro,YT,2021-07-26 17:51:52,-12.6998,45.0689,74.52,65,2,11.9,clear sky
488,Tasiilaq,GL,2021-07-26 17:51:52,65.6145,-37.6368,40.39,81,13,5.37,few clouds
489,San Policarpo,PH,2021-07-26 17:51:53,12.1791,125.5072,81.41,77,100,8.63,overcast clouds
490,Kamina,CD,2021-07-26 17:51:53,-8.7386,24.9906,60.69,36,76,4.63,broken clouds
491,Villamontes,BO,2021-07-26 17:51:54,-21.25,-63.5,78.24,47,80,11.5,broken clouds
492,Lensk,RU,2021-07-26 17:51:54,60.7253,114.9278,66.65,71,2,0.76,clear sky
493,Ozernovskiy,RU,2021-07-26 17:51:54,51.5,156.5167,57.04,89,96,7.99,overcast clouds
494,Christchurch,NZ,2021-07-26 17:48:46,-43.5333,172.6333,51.01,83,75,3.0,broken clouds
495,Moratuwa,LK,2021-07-26 17:51:56,6.773,79.8816,78.82,88,97,11.65,overcast clouds
496,Dinuba,US,2021-07-26 17:51:56,36.5433,-119.3871,96.96,41,1,4.61,clear sky
497,Mount Gambier,AU,2021-07-26 17:51:57,-37.8333,140.7667,49.91,87,40,11.5,scattered clouds
498,Talakan,RU,2021-07-26 17:51:57,50.3167,130.3667,68.92,98,100,4.59,light rain
499,Bende,NG,2021-07-26 17:51:57,5.5572,7.6368,76.59,68,57,3.18,broken clouds
500,Kirakira,SB,2021-07-26 17:51:58,-10.4544,161.9205,77.72,85,100,7.76,overcast clouds
501,Oneonta,US,2021-07-26 17:51:59,42.4529,-75.0638,85.08,65,29,10.29,scattered clouds
502,Asau,RO,2021-07-26 17:51:59,46.4333,26.4,74.32,67,43,2.89,scattered clouds
503,Sattahip,TH,2021-07-26 17:52:00,12.6664,100.9007,86.92,83,20,9.22,few clouds
504,Hov,NO,2021-07-26 17:52:00,60.6987,10.3519,76.21,57,96,4.05,overcast clouds
505,Maumere,ID,2021-07-26 17:52:01,-8.6199,122.2111,75.52,80,26,3.18,scattered clouds
506,Mecca,SA,2021-07-26 17:52:01,21.4267,39.8261,90.45,33,39,6.96,scattered clouds
507,Rovaniemi,FI,2021-07-26 17:52:02,66.5,25.7167,69.21,56,0,8.05,clear sky
508,Kalmunai,LK,2021-07-26 17:52:02,7.4167,81.8167,82.8,69,94,7.87,overcast clouds
509,Nanortalik,GL,2021-07-26 17:52:03,60.1432,-45.2371,51.85,69,68,9.53,broken clouds
510,Carutapera,BR,2021-07-26 17:52:03,-1.195,-46.02,82.99,67,78,8.25,broken clouds
511,Baisha,CN,2021-07-26 17:52:04,26.5222,110.9311,77.59,78,27,1.9,scattered clouds
512,Tevaitoa,PF,2021-07-26 17:52:04,-16.7833,-151.5,78.53,73,48,13.0,scattered clouds
513,Villa Bruzual,VE,2021-07-26 17:52:05,9.3328,-69.1208,79.92,88,87,5.21,overcast clouds
514,Ginir,ET,2021-07-26 17:52:05,7.1333,40.7,60.84,67,98,7.38,overcast clouds
515,Yulara,AU,2021-07-26 17:52:06,-25.2406,130.9889,44.44,45,11,2.3,few clouds
516,Gorontalo,ID,2021-07-26 17:52:06,0.5412,123.0595,73.99,92,33,3.47,scattered clouds
517,Crailsheim,DE,2021-07-26 17:52:07,49.1344,10.0719,72.46,89,100,5.28,overcast clouds
518,Dornoch,GB,2021-07-26 17:52:07,57.8805,-4.0288,71.06,78,68,3.42,broken clouds
519,Beringovskiy,RU,2021-07-26 17:52:08,63.05,179.3167,52.65,93,100,5.26,overcast clouds
520,Otanche,CO,2021-07-26 17:52:08,5.6567,-74.1825,75.16,82,71,2.53,broken clouds
521,Erie,US,2021-07-26 17:49:54,42.7667,-78.6664,86.85,63,25,11.01,scattered clouds
522,Palmer,US,2021-07-26 17:49:47,42.1584,-72.3287,88.48,49,40,1.01,haze
523,Cuiluan,CN,2021-07-26 17:52:10,47.72,128.648,69.8,97,100,2.24,light rain
524,Mangrol,IN,2021-07-26 17:52:10,21.1167,70.1167,81.79,85,89,15.1,overcast clouds
525,Vanimo,PG,2021-07-26 17:52:11,-2.6741,141.3028,75.96,84,10,4.68,clear sky
526,Lucapa,AO,2021-07-26 17:52:11,-8.4192,20.7447,68.2,26,94,4.16,overcast clouds
527,Dalbandin,PK,2021-07-26 17:49:03,28.8947,64.4101,97.72,8,42,4.74,scattered clouds
528,Presidente Olegario,BR,2021-07-26 17:52:12,-18.4178,-46.4181,77.2,24,0,5.86,clear sky
529,San Joaquin,US,2021-07-26 17:52:12,37.9333,-121.3011,96.78,60,1,5.75,clear sky
530,Storforshei,NO,2021-07-26 17:52:13,66.4043,14.5233,78.58,54,20,4.61,few clouds
531,Murray Bridge,AU,2021-07-26 17:52:13,-35.1167,139.2667,55.83,58,11,10.11,few clouds
532,Dickinson,US,2021-07-26 17:52:15,29.4608,-95.0513,94.95,60,1,1.01,clear sky
533,San Juan,AR,2021-07-26 17:52:15,-31.5375,-68.5364,58.82,28,0,13.29,clear sky
534,Mintlaw,GB,2021-07-26 17:52:16,57.5241,-2.001,73.06,75,72,2.53,broken clouds
535,Abengourou,CI,2021-07-26 17:52:26,6.7297,-3.4964,74.68,93,43,3.65,light rain
536,Gore,NZ,2021-07-26 17:52:26,-46.1028,168.9436,42.22,98,92,3.49,overcast clouds
537,Vung Tau,VN,2021-07-26 17:47:53,10.346,107.0843,80.71,82,21,18.05,few clouds
538,Waingapu,ID,2021-07-26 17:51:23,-9.6567,120.2641,72.37,82,30,5.95,scattered clouds
539,Steinbach,DE,2021-07-26 17:52:27,50.1667,8.5667,77.11,56,20,10.36,few clouds
540,Westport,US,2021-07-26 17:52:28,41.1415,-73.3579,91.94,60,100,1.01,overcast clouds
541,Srikakulam,IN,2021-07-26 17:52:28,18.3,83.9,86.4,61,100,8.72,overcast clouds
542,Kaohsiung,TW,2021-07-26 17:52:29,22.6163,120.3133,84.15,91,75,4.0,broken clouds
543,Mount Isa,AU,2021-07-26 17:52:29,-20.7333,139.5,42.57,61,20,0.0,few clouds
544,Vestmannaeyjar,IS,2021-07-26 17:52:30,63.4427,-20.2734,50.99,87,40,11.5,scattered clouds
545,Riyadh,SA,2021-07-26 17:52:11,24.6877,46.7219,105.94,12,24,9.13,few clouds
546,Erzin,TR,2021-07-26 17:52:31,36.9559,36.2,84.72,76,0,3.76,clear sky
547,Teguldet,RU,2021-07-26 17:52:31,57.3064,88.1667,64.89,97,82,4.88,broken clouds
548,Santa Lucia,ES,2021-07-26 17:52:32,27.9117,-15.5407,69.76,78,20,32.21,few clouds
549,Rabo De Peixe,PT,2021-07-26 17:52:32,37.8,-25.5833,72.91,68,75,16.11,broken clouds
550,Ha Noi,VN,2021-07-26 17:52:33,21.0245,105.8412,84.2,83,71,2.64,broken clouds
551,Farafangana,MG,2021-07-26 17:52:33,-22.8167,47.8333,63.0,84,7,6.85,light rain
552,Piacabucu,BR,2021-07-26 17:52:33,-10.4056,-36.4344,77.13,81,29,12.71,scattered clouds
553,Myaundzha,RU,2021-07-26 17:52:34,63.0494,147.1858,45.0,92,89,1.61,overcast clouds
554,Wewak,PG,2021-07-26 17:52:34,-3.5534,143.6268,79.39,87,31,6.71,moderate rain
555,Songkhla,TH,2021-07-26 17:52:35,6.8333,100.6667,78.85,91,98,4.47,overcast clouds
556,Altay,CN,2021-07-26 17:52:35,47.8667,88.1167,67.96,49,24,4.03,few clouds
557,Kapit,MY,2021-07-26 17:52:36,2.0167,112.9333,74.73,98,82,0.85,broken clouds
558,Yar-Sale,RU,2021-07-26 17:52:37,66.8333,70.8333,47.97,81,43,4.76,scattered clouds
559,Bokoro,TD,2021-07-26 17:52:37,12.3807,17.0568,80.6,72,70,6.49,moderate rain
560,Port Hawkesbury,CA,2021-07-26 17:52:38,45.6169,-61.3485,70.59,95,90,3.0,overcast clouds
561,Naliya,IN,2021-07-26 17:52:38,23.2667,68.8333,82.11,84,97,18.9,overcast clouds
562,Skelleftea,SE,2021-07-26 17:52:39,64.7507,20.9528,66.56,77,85,5.75,overcast clouds
563,Yuci,CN,2021-07-26 17:52:39,37.6803,112.7319,73.15,78,0,2.24,clear sky
564,Murgab,TM,2021-07-26 17:52:40,37.4966,61.9714,96.67,24,0,9.22,clear sky
565,Cayeli,TR,2021-07-26 17:52:40,41.0923,40.7292,74.7,88,93,6.29,overcast clouds
566,Pafos,CY,2021-07-26 17:52:41,34.7667,32.4167,84.11,65,0,10.36,clear sky
567,Legnica,PL,2021-07-26 17:48:34,51.2101,16.1619,80.87,58,48,2.66,light rain
568,Robertsport,LR,2021-07-26 17:52:41,6.7533,-11.3686,78.35,79,68,14.88,broken clouds
569,Simdega,IN,2021-07-26 17:52:42,22.6167,84.5167,77.58,83,100,7.31,moderate rain
570,Acapulco,MX,2021-07-26 17:48:06,16.8634,-99.8901,87.31,66,83,4.88,broken clouds
571,Sao Caetano De Odivelas,BR,2021-07-26 17:52:42,-0.75,-48.02,79.14,86,61,7.05,broken clouds
572,Kruisfontein,ZA,2021-07-26 17:48:20,-34.0033,24.7314,63.88,26,100,12.73,overcast clouds
573,Heihe,CN,2021-07-26 17:52:43,50.2441,127.4902,66.78,95,98,3.44,overcast clouds
574,Hirara,JP,2021-07-26 17:52:44,24.8,125.2833,82.4,91,100,6.8,overcast clouds
575,Iskateley,RU,2021-07-26 17:52:44,67.6803,53.1512,42.06,92,87,7.45,overcast clouds
576,Tangjiazhuang,CN,2021-07-26 17:52:45,39.7333,118.45,75.2,91,93,5.82,overcast clouds
577,Kikwit,CD,2021-07-26 17:52:45,-5.041,18.8162,82.0,23,39,3.96,scattered clouds
578,Dawlatabad,AF,2021-07-26 17:52:46,36.4141,64.9053,97.02,18,0,20.67,clear sky
579,Novyy Urgal,RU,2021-07-26 17:52:46,51.0736,132.5642,65.7,99,100,1.25,overcast clouds
580,Banes,CU,2021-07-26 17:52:47,20.9625,-75.7186,89.4,55,11,7.0,few clouds
581,Beisfjord,NO,2021-07-26 17:52:47,68.3751,17.5988,77.05,71,87,3.04,overcast clouds
582,Staunton,US,2021-07-26 17:52:48,38.1496,-79.0717,90.09,52,75,0.0,broken clouds
583,Batagay,RU,2021-07-26 17:52:48,67.6333,134.6333,56.14,88,55,4.68,broken clouds
584,Angoche,MZ,2021-07-26 17:52:49,-16.2325,39.9086,69.6,78,4,10.18,clear sky
585,Sao Luis De Montes Belos,BR,2021-07-26 17:52:49,-16.525,-50.3722,89.1,19,0,3.44,clear sky
586,Lata,PT,2021-07-26 17:52:50,40.1629,-8.3327,84.04,50,0,9.17,clear sky
587,Kutum,SD,2021-07-26 17:52:50,14.2,24.6667,77.9,60,78,4.79,broken clouds
588,Usinsk,RU,2021-07-26 17:52:50,65.9939,57.5281,44.58,93,99,5.12,overcast clouds
589,Karoi,ZW,2021-07-26 17:52:51,-16.8099,29.6925,52.23,42,2,2.89,clear sky
590,Bukama,CD,2021-07-26 17:52:55,-9.2,25.85,70.25,31,82,4.61,broken clouds
591,Montalban,FR,2021-07-26 17:52:55,44.0167,1.35,79.59,59,46,2.44,scattered clouds
592,Saint-Augustin,CA,2021-07-26 17:52:56,51.226,-58.6502,66.7,63,73,14.81,broken clouds
593,Vao,NC,2021-07-26 17:49:25,-22.6667,167.4833,68.9,60,82,16.49,broken clouds
594,Mazamet,FR,2021-07-26 17:52:57,43.49,2.373,79.09,50,0,9.22,clear sky
595,Puerto Ayacucho,VE,2021-07-26 17:47:58,5.6639,-67.6236,73.83,95,100,1.01,overcast clouds
596,Benicarlo,ES,2021-07-26 17:52:58,40.4165,0.4271,78.24,70,63,8.39,broken clouds
597,Grafton,US,2021-07-26 17:52:58,42.207,-71.6856,90.5,55,75,1.99,haze
598,Dhanaura,IN,2021-07-26 17:52:59,28.9667,78.25,85.12,68,100,0.34,overcast clouds
599,Nagpur,IN,2021-07-26 17:52:59,21.15,79.1,80.62,83,75,6.91,broken clouds
600,Makarov,RU,2021-07-26 17:53:00,48.6333,142.8,67.14,94,88,5.7,overcast clouds
601,Garden City,US,2021-07-26 17:50:47,42.3256,-83.331,90.64,43,20,12.66,few clouds
602,Laranjeiras Do Sul,BR,2021-07-26 17:53:00,-25.4078,-52.4161,75.72,40,37,9.91,light rain
603,Keighley,GB,2021-07-26 17:53:01,53.8679,-1.9066,78.31,62,20,7.0,few clouds
604,Dickson,US,2021-07-26 17:52:02,36.077,-87.3878,90.95,71,1,1.99,clear sky
605,Tongliao,CN,2021-07-26 17:53:01,43.6125,122.2653,75.16,77,92,14.16,overcast clouds
606,Luau,AO,2021-07-26 17:53:02,-10.7073,22.2247,63.18,26,100,5.44,overcast clouds
607,Sesheke,ZM,2021-07-26 17:53:02,-17.4759,24.2968,56.82,39,2,6.82,clear sky
608,Touros,BR,2021-07-26 17:48:12,-5.1989,-35.4608,85.1,62,16,17.67,few clouds
609,Cugir,RO,2021-07-26 17:53:03,45.8333,23.3667,80.33,53,71,4.59,broken clouds
610,Catuday,PH,2021-07-26 17:53:03,16.2923,119.8062,80.73,83,100,19.46,overcast clouds
611,Tigzirt,DZ,2021-07-26 17:53:04,36.8886,4.1198,77.22,65,99,9.33,overcast clouds
612,Taoudenni,ML,2021-07-26 17:53:04,22.6783,-3.9836,114.19,5,0,10.29,clear sky
613,Cedar City,US,2021-07-26 17:49:44,37.6775,-113.0619,75.18,60,20,3.44,few clouds
614,Lere,NG,2021-07-26 17:53:05,10.387,8.5726,69.71,94,94,8.01,overcast clouds
615,Myrtle Beach,US,2021-07-26 17:51:08,33.6891,-78.8867,90.18,77,75,9.22,broken clouds
616,Ramhormoz,IR,2021-07-26 17:53:06,31.28,49.6035,105.87,9,19,6.55,few clouds
617,Ulaangom,MN,2021-07-26 17:53:06,49.9811,92.0667,64.98,65,89,3.31,overcast clouds
618,Codrington,AU,2021-07-26 17:53:07,-38.2667,141.9667,47.95,79,93,15.7,overcast clouds
619,Porto Novo,BJ,2021-07-26 17:53:07,6.4965,2.6036,80.42,73,78,10.04,broken clouds
620,Payson,US,2021-07-26 17:53:11,40.0444,-111.7321,92.77,31,1,3.44,haze
621,Masty,BY,2021-07-26 17:53:12,53.4122,24.5387,68.0,78,92,9.46,overcast clouds
622,Aklavik,CA,2021-07-26 17:53:12,68.2191,-135.0107,57.2,82,75,3.44,light rain
623,Bodden Town,KY,2021-07-26 17:53:13,19.2833,-81.25,87.93,66,20,5.75,few clouds
624,Bonito,BR,2021-07-26 17:53:13,-21.1211,-56.4819,91.96,22,49,10.78,scattered clouds
625,Ternate,ID,2021-07-26 17:53:14,0.8,127.4,80.82,82,100,10.45,overcast clouds
626,Stromness,GB,2021-07-26 17:53:14,58.965,-3.296,62.85,98,99,7.31,overcast clouds
627,Altrincham,GB,2021-07-26 17:53:15,53.3875,-2.3485,76.23,61,46,7.0,scattered clouds
628,Havelock,US,2021-07-26 17:52:07,34.8791,-76.9013,89.55,76,75,11.01,broken clouds
629,Rio Verde De Mato Grosso,BR,2021-07-26 17:53:16,-18.9181,-54.8442,94.1,18,1,7.31,clear sky
630,Nhulunbuy,AU,2021-07-26 17:53:16,-12.2333,136.7667,72.21,88,88,3.44,overcast clouds
631,Panzhihua,CN,2021-07-26 17:53:16,26.5851,101.7128,70.38,88,56,1.45,broken clouds
632,Salair,RU,2021-07-26 17:53:17,54.2312,85.7972,57.76,98,75,5.64,broken clouds
633,Alyangula,AU,2021-07-26 17:53:20,-13.8483,136.4192,58.87,94,45,2.3,scattered clouds
634,Grindavik,IS,2021-07-26 17:52:40,63.8424,-22.4338,53.55,87,90,14.97,overcast clouds
635,Koumac,NC,2021-07-26 17:53:25,-20.5667,164.2833,65.23,76,69,7.38,broken clouds
636,Asfi,MA,2021-07-26 17:53:26,32.2994,-9.2372,74.3,72,0,23.42,clear sky
637,Olinda,BR,2021-07-26 17:53:31,-8.0089,-34.8553,80.33,65,40,11.5,scattered clouds
638,Knysna,ZA,2021-07-26 17:53:32,-34.0363,23.0471,75.58,40,59,8.48,broken clouds
639,Kosjeric,RS,2021-07-26 17:53:33,43.9961,19.9069,83.55,50,0,4.61,clear sky
640,Bosaso,SO,2021-07-26 17:53:33,11.2842,49.1816,89.67,41,71,13.56,broken clouds
641,Kyshtovka,RU,2021-07-26 17:53:34,56.555,76.6271,51.73,80,30,6.26,scattered clouds
642,Kozulka,UA,2021-07-26 17:53:34,50.0351,23.797,78.33,79,45,11.34,scattered clouds
643,Paamiut,GL,2021-07-26 17:53:35,61.994,-49.6678,45.39,93,62,11.3,broken clouds
644,Ferkessedougou,CI,2021-07-26 17:53:36,9.6,-5.2,82.74,66,70,4.85,broken clouds
645,Kamenka,RU,2021-07-26 17:53:36,51.3223,42.7678,67.77,47,52,8.05,broken clouds
646,Kaa-Khem,RU,2021-07-26 17:53:36,51.6833,94.7333,64.44,93,96,1.3,overcast clouds
647,Gweta,BW,2021-07-26 17:53:37,-20.1833,25.2333,58.41,30,0,5.37,clear sky
648,Maneadero,MX,2021-07-26 17:53:38,31.7167,-116.5667,76.19,89,100,5.99,overcast clouds
649,Rosetta,EG,2021-07-26 17:53:38,31.4044,30.4164,82.22,70,0,8.46,clear sky
650,Qujing,CN,2021-07-26 17:53:42,25.4833,103.7833,63.23,91,92,1.79,overcast clouds
651,Nola,IT,2021-07-26 17:53:43,40.922,14.5329,93.27,46,89,3.85,overcast clouds
652,Dvinskoy,RU,2021-07-26 17:53:43,62.1535,45.1175,52.11,77,28,5.32,scattered clouds
653,Sinnamary,GF,2021-07-26 17:53:43,5.3833,-52.95,82.8,73,55,8.88,broken clouds
654,Doka,SD,2021-07-26 17:53:44,13.5167,35.7667,69.22,95,100,14.65,overcast clouds
655,Yaring,TH,2021-07-26 17:53:44,6.8662,101.3689,78.94,85,79,9.64,broken clouds
656,Weatherford,US,2021-07-26 17:49:00,32.7593,-97.7972,97.81,50,2,1.01,clear sky
657,Tonekabon,IR,2021-07-26 17:53:45,36.8163,50.8738,82.35,76,10,1.88,clear sky
658,Bouar,CF,2021-07-26 17:53:49,5.934,15.596,66.9,94,78,2.8,light rain
659,Bastia,FR,2021-07-26 17:53:50,42.6667,9.3333,81.73,82,0,2.3,clear sky
660,Kurchum,KZ,2021-07-26 17:53:50,48.5722,83.6542,69.73,67,53,4.7,broken clouds
661,Suntar,RU,2021-07-26 17:53:50,62.1444,117.6319,68.29,59,15,3.62,few clouds
662,Tondela,PT,2021-07-26 17:53:51,40.5167,-8.0833,82.58,44,0,6.96,clear sky
663,Lakes Entrance,AU,2021-07-26 17:53:51,-37.8811,147.981,57.18,57,100,9.24,overcast clouds
664,Manga,BF,2021-07-26 17:53:52,11.6636,-1.0731,89.37,47,97,8.99,overcast clouds
665,Fortuna,US,2021-07-26 17:53:52,40.5982,-124.1573,79.41,94,90,4.61,overcast clouds
666,Energetik,RU,2021-07-26 17:53:53,51.7445,58.7934,62.85,50,25,3.47,scattered clouds
667,Saint Anthony,US,2021-07-26 17:53:55,45.0205,-93.218,90.93,48,75,11.5,broken clouds
668,Khed Brahma,IN,2021-07-26 17:53:55,24.0333,73.05,78.28,90,100,9.57,overcast clouds
669,Warrington,GB,2021-07-26 17:53:56,53.3925,-2.5802,76.6,64,0,5.99,clear sky
670,Jining,CN,2021-07-26 17:53:56,35.405,116.5814,77.34,93,94,6.89,light rain
671,Micheweni,TZ,2021-07-26 17:53:56,-4.9667,39.8333,75.34,71,23,17.74,few clouds
672,Dire Dawa,ET,2021-07-26 17:53:57,9.5931,41.8661,70.14,65,89,8.66,light rain
673,Key West,US,2021-07-26 17:49:58,24.5557,-81.7826,90.0,64,20,10.36,few clouds
674,Kyaukse,MM,2021-07-26 17:53:58,21.6,96.1333,78.08,81,95,9.42,overcast clouds
675,Shingu,JP,2021-07-26 17:53:58,33.7333,135.9833,76.91,83,99,6.76,overcast clouds
676,Kismayo,SO,2021-07-26 17:53:59,-0.3582,42.5454,75.99,79,66,18.9,broken clouds
677,Vestmanna,FO,2021-07-26 17:53:59,62.1564,-7.1664,50.92,100,90,6.91,overcast clouds
678,Bhitarwar,IN,2021-07-26 17:53:59,25.8,78.1167,88.47,65,100,4.45,moderate rain
679,Chichihualco,MX,2021-07-26 17:54:00,17.6833,-99.65,77.88,63,65,2.91,broken clouds
680,Tamandare,BR,2021-07-26 17:54:00,-8.7597,-35.1047,78.91,71,14,8.81,few clouds
681,Ugoofaaru,MV,2021-07-26 17:54:01,5.6667,73.0,81.72,75,100,6.96,overcast clouds
682,Xining,CN,2021-07-26 17:51:21,36.6167,101.7667,55.76,83,98,2.42,overcast clouds
683,Smyrna,US,2021-07-26 17:52:43,33.884,-84.5144,91.92,65,40,1.01,scattered clouds
684,Zambezi,ZM,2021-07-26 17:54:02,-13.5432,23.1047,60.48,32,56,6.17,broken clouds
685,Uhlove,UA,2021-07-26 17:54:03,44.8215,33.6045,80.56,59,19,9.78,few clouds
686,Merzifon,TR,2021-07-26 17:54:04,40.8733,35.4631,62.06,88,75,6.91,broken clouds
687,Riachao Das Neves,BR,2021-07-26 17:54:04,-11.7461,-44.91,88.39,21,48,7.14,scattered clouds
688,Garowe,SO,2021-07-26 17:54:05,8.4054,48.4845,81.57,40,95,21.23,overcast clouds
689,Qasigiannguit,GL,2021-07-26 17:54:05,68.8193,-51.1922,47.19,86,100,5.35,light rain
690,Paragominas,BR,2021-07-26 17:54:09,-2.9667,-47.4833,92.5,32,62,5.32,broken clouds
691,Koslan,RU,2021-07-26 17:54:10,63.4564,48.8989,47.23,70,55,8.77,broken clouds
692,Bognor Regis,GB,2021-07-26 17:49:43,50.7821,-0.6798,76.53,86,63,14.32,broken clouds
693,Brcko,BA,2021-07-26 17:54:10,44.8728,18.8083,88.14,44,70,7.67,broken clouds
694,Taybad,IR,2021-07-26 17:54:11,34.74,60.7756,93.45,16,0,33.71,clear sky
695,Rock Springs,US,2021-07-26 17:54:11,41.5875,-109.2029,83.05,22,10,2.68,clear sky
696,Mahon,ES,2021-07-26 17:54:12,39.8885,4.2658,79.36,61,0,10.36,clear sky
697,Vetluga,RU,2021-07-26 17:54:12,57.8557,45.781,62.98,63,97,6.71,overcast clouds
698,Edgewater,US,2021-07-26 17:54:11,28.9889,-80.9023,96.17,58,40,9.22,scattered clouds
699,Anadyr,RU,2021-07-26 17:54:13,64.75,177.4833,50.5,93,75,17.0,moderate rain
700,San Rafael,AR,2021-07-26 17:50:38,-34.6177,-68.3301,54.14,35,26,7.96,scattered clouds
701,Bay Saint Louis,US,2021-07-26 17:54:14,30.3088,-89.33,94.14,63,39,6.64,scattered clouds
702,Finnsnes,NO,2021-07-26 17:54:14,69.2296,17.9811,70.41,76,78,4.12,broken clouds
703,Pailon,BO,2021-07-26 17:54:14,-17.65,-62.75,89.28,26,2,16.31,clear sky
704,River Falls,US,2021-07-26 17:54:15,44.8614,-92.6238,91.09,45,38,14.45,scattered clouds
705,Bay Roberts,CA,2021-07-26 17:54:15,47.5999,-53.2648,69.51,73,65,5.01,broken clouds
706,Bijie,CN,2021-07-26 17:54:16,27.3125,105.2942,64.11,89,39,2.19,scattered clouds
707,Biguacu,BR,2021-07-26 17:54:16,-27.4942,-48.6556,83.84,72,56,5.08,broken clouds
708,Touba,CI,2021-07-26 17:54:17,8.2833,-7.6833,75.9,90,80,3.29,light rain
709,Todos Santos,MX,2021-07-26 17:54:17,23.45,-110.2167,94.1,79,0,9.37,clear sky
710,Derzhavinsk,KZ,2021-07-26 17:54:18,51.1,66.3167,61.34,46,0,8.19,clear sky
711,Tandalti,SD,2021-07-26 17:54:19,13.0167,31.8667,74.59,78,99,15.86,overcast clouds
712,Sanok,PL,2021-07-26 17:54:19,49.5557,22.2056,79.56,100,31,1.28,scattered clouds
713,Peniche,PT,2021-07-26 17:54:20,39.3558,-9.3811,76.48,77,1,17.38,clear sky
714,Aasiaat,GL,2021-07-26 17:54:21,68.7098,-52.8699,38.88,95,100,13.33,light rain
715,Havoysund,NO,2021-07-26 17:54:21,70.9963,24.6622,54.48,80,18,7.29,few clouds
716,Mogadishu,SO,2021-07-26 17:54:22,2.0371,45.3438,76.66,79,46,20.24,scattered clouds
717,Solnechnyy,RU,2021-07-26 17:54:22,50.7214,136.6319,64.98,98,91,3.38,light rain
718,Sicamous,CA,2021-07-26 17:54:23,50.8331,-118.9856,85.48,37,0,5.59,clear sky
719,Berdigestyakh,RU,2021-07-26 17:54:23,62.0989,126.6992,64.74,74,31,5.1,scattered clouds
720,Saint-Paul,RE,2021-07-26 17:54:24,-21.0096,55.2707,68.11,72,67,1.79,broken clouds
721,Avera,US,2021-07-26 17:49:43,33.194,-82.5271,93.94,46,10,2.51,clear sky
722,Klaksvik,FO,2021-07-26 17:49:41,62.2266,-6.589,52.72,99,100,7.18,overcast clouds
723,Sabancuy,MX,2021-07-26 17:54:25,18.9667,-91.1833,87.17,61,98,6.82,overcast clouds
724,Kijang,KR,2021-07-26 17:54:26,35.2442,129.2139,76.73,87,0,7.34,clear sky
725,Namatanai,PG,2021-07-26 17:54:27,-3.6667,152.4333,78.21,79,40,2.48,scattered clouds
726,Mokhotlong,LS,2021-07-26 17:54:27,-29.2894,29.0675,40.48,22,58,3.18,broken clouds
727,Novosergiyevka,RU,2021-07-26 17:54:28,52.0934,53.6528,65.37,40,49,6.73,scattered clouds
728,Muscat,OM,2021-07-26 17:54:28,23.6139,58.5922,97.93,43,12,2.91,few clouds
729,Beloha,MG,2021-07-26 17:53:29,-25.1667,45.05,62.22,65,28,14.97,scattered clouds
730,Tabuk,PH,2021-07-26 17:54:29,17.4189,121.4443,76.39,78,97,3.0,light rain
731,Coos Bay,US,2021-07-26 17:54:30,43.3665,-124.2179,80.85,82,40,6.91,haze
732,Les Pavillons-Sous-Bois,FR,2021-07-26 17:52:39,48.9,2.5167,73.81,73,40,5.75,scattered clouds
733,Winnemucca,US,2021-07-26 17:54:30,40.973,-117.7357,91.11,15,1,0.0,haze
